claim_id,claim,analysis_version,dataset,sample_size,estimand,result,confidence_interval,multiplicity_control,validation_type,status,allowed_interpretation,prohibited_interpretation,source_file
C01,Control-referenced score has a concurrent gait-severity association,v4.0.6,WearGait V1,62 participants; 125 score-model rows,Standardized GEE coefficient,0.301; q=0.0055,0.089 to 0.513,Prespecified primary score test,Participant-clustered adjusted GEE,SUPPORTED,Concurrent association with gait-specific severity,Clinical utility or qualification,results/v4/frozen/primary_associations.csv
C02,Severity association is directionally stable to healthy-reference resampling,v4.1,WearGait V1 controls,2000 resamples; 62 PD participants,Median resampled standardized effect,0.291; same direction in 100%,Resample distribution retained,Control-reference resampling,Control-reference robustness,SUPPORTED,Association did not depend on a small set of reference people,Independent external replication,results/v4_1/frozen/normative_reference_bootstrap.csv
C03,Adding the score improves participant-level severity ranking beyond speed,v4.2,WearGait V1,62 participants; 100 repeated grouped validations,Median extended-minus-baseline Spearman rho,+0.0474; positive in 98% of repeats; Pearson improved in 91%,Repeated held-out splits,Not an inferential p-value,Participant-grouped repeated five-fold validation,SUPPORTED,Reproducible improvement in relative severity ordering,Better exact score prediction,results/v4_2/frozen/h2_repeated_cv_summary.csv
C04,Better absolute clinical-score prediction is not established,v4.2,WearGait V1,62 participants; 100 repeated grouped validations,Median participant-level delta RMSE,-0.0069; lower RMSE in 66%; lower MAE in 44%; slope closer to 1 in 60%; intercept closer to 0 in 61%,Uncertainty summarized over repeats,No single p-value claim,Participant-grouped repeated five-fold validation,INCOMPLETE,Ranking support is stronger than absolute-error support,Superior absolute clinical-score prediction,results/v4_2/frozen/h2_repeated_cv_summary.csv; results/v4_5/h2_favorable_fraction_corrected.csv
C05,All frozen score inputs can be reconstructed from raw WearGait walkway data,v4.3,WearGait V1,252 matched trials; 8 inputs,Agreement against PKMAS,8 of 8 passed frozen gates,Feature values in source table,Feature-specific frozen agreement thresholds,Analytical equivalence,SUPPORTED,The reconstructed inputs were adequate for applying the frozen score in this release,Clinical validity or transport to another device,results/v4_3/v1_reconstruction_agreement.csv
C06,The four-pass frozen score fails the six-plus-month stability criterion,v4.5,WearGait longitudinal,SelfPace n=45; HurriedPace n=44,"ICC(A,1) lower 95% BCa confidence bound",SelfPace 0.647; HurriedPace 0.282,SelfPace 0.439 to 0.863; HurriedPace -0.009 to 0.543,Prespecified lower confidence bound >=0.80,At least six-month between-visit stability,FAIL,Observed scores were not qualified as stable across long intervals,Failed short-term test-retest reliability,results/v4_4/h4b_multipass_reliability.csv; results/v4_5/h4b_endpoint_error_corrected.csv
C07,Short-term state-controlled test-retest reliability,v4.5,WearGait longitudinal,No eligible short-interval state-controlled pairs,Short-interval ICC,Not estimable,Not available,Not applicable,Schema and visit-interval audit,NOT_ESTIMABLE,No short-term reliability conclusion can be drawn,Calling the six-month result a short-term reliability failure,results/v4_5/evidence_matrix.csv
C08,Clinical responsiveness of the frozen score,v4.5,WearGait longitudinal,93 audited participants; repeated session clinical anchors unavailable,Change in score against linked repeated clinical anchors,Not estimable,Not available,Not applicable,File/header/MAT schema audit,NOT_ESTIMABLE,Required session-specific anchors were not verified,No responsiveness or no response,results/v4_5/source_audit.json
C09,Full eight-input frozen-score transport to CARE-PD,v4.5,CARE-PD,4 UPDRS-gait cohorts; 110 people; 2953 labeled walks,All-eight analytical bridge then frozen-score validation,Not estimable,Not available,Not applicable,Measurement-equivalence gate not available,NOT_ESTIMABLE,Existing forward-translation analyses remain separate exploratory evidence,Matched-feature replication or frozen-score transport,results/frozen/external_feature_evidence_matrix.csv
C10,Broad multisite transport,v4.4,WearGait/VA Seattle,One overlapping site; 16 target PD participants,Single-site association holdout,Effect 0.578,0.186 to 0.970,Not a multi-site estimate,One-site transport sensitivity,INCOMPLETE,One holdout site provides limited transport evidence,General multisite calibration or broad transport,results/v4_4/v4_4_site_transport.csv
C11,Selected Mobilise-D features track within-person broad motor severity,v3.2.4 external extension,Mobilise-D CVS,574 participants; 2079 rows,Within-person GEE associations,Speed q=0.0046; stride length q=0.0017; cadence and stride time do not pass,Frozen model estimates,Four-feature BH FDR family,Repeated real-world construct-level evidence,SUPPORTED,Speed and stride-length measures track the source broad motor anchor in this cohort,Validation of the WearGait eight-input score,results/frozen/mobilised_longitudinal_associations.csv
C12,Mendeley supplies descriptive processed-table transport signals,v3.2.4 external extension,Mendeley gait,42 cross-sectional; 10 longitudinal; 20 with repeated timing rows,Rank associations and change summaries,Examples: speed rho=-0.656; stride amplitude rho=-0.617,No bootstrap intervals or FDR in frozen cross-sectional table,No confirmatory uncertainty claim,Small processed-table exploratory analysis,INCOMPLETE,Descriptive transport signal requiring uncertainty and independent confirmation,Confirmed longitudinal responsiveness or medication effect,results/frozen/mendeley_cross_sectional_replication.csv; results/frozen/mendeley_longitudinal_change.csv; results/frozen/mendeley_medication_timing.csv
