repetition,level,baseline_mae,baseline_rmse,baseline_spearman_rho,baseline_pearson_r,baseline_calibration_slope,baseline_calibration_intercept,extended_mae,extended_rmse,extended_spearman_rho,extended_pearson_r,extended_calibration_slope,extended_calibration_intercept,delta_mae,delta_rmse,delta_spearman_rho,delta_pearson_r,delta_calibration_slope,delta_calibration_intercept
1,participant,0.4869563293866909,0.6250265637311082,0.3538757078457011,0.3257610997736678,0.7155573973052304,0.3053508122807238,0.4986267244010643,0.6388980972228342,0.3703781338844845,0.3391953082344106,0.5694988580268429,0.4543698645722191,0.0116703950143734,0.0138715334917259,0.0165024260387833,0.0134342084607427,-0.1460585392783875,0.1490190522914952
2,participant,0.4957989528026363,0.621002018054905,0.3512700616290511,0.3385463711235923,0.747294032192327,0.2623112860798053,0.5022266750189041,0.6301314271381583,0.3735049093444645,0.3430121651224528,0.625980200911273,0.3896453031120813,0.0064277222162676,0.0091294090832533,0.0222348477154134,0.0044657939988604,-0.121313831281054,0.127334017032276
3,participant,0.4739513558319072,0.6113315047437579,0.3894862061399179,0.3708346326512704,0.8013676297841269,0.2060859426841122,0.4719784201475204,0.5967135326345908,0.4628206713263011,0.4255417890657124,0.8065825403546824,0.1949975576621174,-0.0019729356843868,-0.014617972109167,0.0733344651863831,0.0547071564144419,0.0052149105705554,-0.0110883850219947
4,participant,0.4992529950921761,0.6456148016943762,0.3055264947145287,0.2761573897015133,0.5580870616689068,0.4811223201778579,0.5008175313419719,0.6430655149317717,0.3257636803305104,0.3087548664924056,0.5590239207729263,0.4769957404629118,0.0015645362497958,-0.0025492867626045,0.0202371856159817,0.0325974767908922,0.0009368591040195,-0.0041265797149461
5,participant,0.516693735405569,0.654190439735435,0.2830889856267091,0.258550912010028,0.504577179104857,0.5333576076491835,0.5084211561799906,0.6333329116029396,0.3510963518812744,0.3468218160546619,0.5967105179667385,0.4282517288119714,-0.0082725792255783,-0.0208575281324954,0.0680073662545653,0.0882709040446339,0.0921333388618814,-0.105105878837212
6,participant,0.5171130047954717,0.6660189497004952,0.2140104092608543,0.1990018310176496,0.4234600904394417,0.6188331568643114,0.5085084496651017,0.6519863211877188,0.2865342289576131,0.2832733022716116,0.5171715879921505,0.5099060544144203,-0.00860455513037,-0.0140326285127764,0.0725238196967587,0.084271471253962,0.0937114975527086,-0.1089271024498911
7,participant,0.492534397277807,0.636296031193125,0.3464351403159339,0.2957428597501893,0.6283392461708597,0.391016394480839,0.4893838997344636,0.6159963901328271,0.3993587101385586,0.3689762079010163,0.7243143481164205,0.2831908542556943,-0.0031504975433434,-0.0202996410602978,0.0529235698226246,0.073233348150827,0.0959751019455608,-0.1078255402251446
8,participant,0.5125228180542315,0.6661438371490093,0.2579010721990923,0.208603743872334,0.4280962490007672,0.6133487523186232,0.5140463186908252,0.66237937222155,0.2819888238907903,0.256321395244933,0.4632929560529107,0.5747842872885172,0.0015235006365936,-0.0037644649274592,0.0240877516916979,0.047717651372599,0.0351967070521434,-0.038564465030106
9,participant,0.5015808332002193,0.6406207945512215,0.290442698282588,0.2708131759419448,0.6104168320806357,0.4162367140914279,0.4858564092141724,0.6052771599557939,0.362850711480829,0.3959851077275111,0.7972973323539738,0.2052797510132335,-0.0157244239860468,-0.0353436345954275,0.0724080131982409,0.1251719317855663,0.1868805002733381,-0.2109569630781944
10,participant,0.4736958764502844,0.6171543694800748,0.35341248185163,0.3471532735575491,0.7913806793820635,0.2272710827657234,0.4918921779258259,0.6272063717733888,0.4025433888477975,0.3410195997734214,0.6515959073834703,0.380230496781097,0.0181963014755415,0.0100520022933139,0.0491309069961674,-0.0061336737841276,-0.1397847719985931,0.1529594140153736
11,participant,0.4837390383913195,0.632893062798754,0.3313223922593638,0.3003523639842792,0.6726849718997797,0.3312998015377569,0.473034475394481,0.6234114171142179,0.3659195836915501,0.3532274333443912,0.6841494971079924,0.3124797114272323,-0.0107045629968385,-0.0094816456845361,0.0345971914321862,0.0528750693601119,0.0114645252082127,-0.0188200901105246
12,participant,0.4987190796865519,0.6449938540622251,0.2868237452039075,0.2617943756553242,0.5732015628406156,0.4544959598076692,0.5042030597867405,0.647273184317601,0.3217104528823882,0.284284388370793,0.5436604935902619,0.4849887832932518,0.0054839801001885,0.0022793302553758,0.0348867076784807,0.0224900127154687,-0.0295410692503537,0.0304928234855825
13,participant,0.5172730513406208,0.6761208498178317,0.2442938086232534,0.1795296614494548,0.3649733768032662,0.6903724004207702,0.5164544938938549,0.6601668536733217,0.3014732672664065,0.2581994587006676,0.473431019715428,0.5726981707924926,-0.0008185574467659,-0.0159539961445099,0.057179458643153,0.0786697972512127,0.1084576429121618,-0.1176742296282775
14,participant,0.4979720527849057,0.6346177451652224,0.3374890883054355,0.306198293578478,0.6314956289118758,0.3875855120143255,0.4897841378154224,0.6126099186251459,0.3888203187734408,0.3889675794142988,0.715002271161801,0.2865094469329317,-0.0081879149694832,-0.0220078265400764,0.0513312304680053,0.0827692858358207,0.0835066422499252,-0.1010760650813937
15,participant,0.4595812388734346,0.5963068772126534,0.4077257296564681,0.4146136426917023,0.938301338045666,0.0618505994124572,0.469547950409439,0.5993502893364426,0.4186115405171392,0.4186577535691171,0.7885202704131594,0.2248890184421608,0.0099667115360043,0.0030434121237892,0.0108858108606711,0.0040441108774147,-0.1497810676325065,0.1630384190297036
16,participant,0.4880054134427029,0.6294909672865051,0.3280508586762365,0.3155584041234382,0.6757387972626184,0.3418900104436925,0.4858282024070123,0.6143067307604135,0.3617215981202806,0.3855641268371564,0.7012255911996671,0.3058732948321003,-0.0021772110356905,-0.0151842365260915,0.033670739444044,0.0700057227137182,0.0254867939370486,-0.0360167156115921
17,participant,0.4857553611921263,0.6175839594826946,0.3595791778977017,0.3454388313564078,0.7999092204620971,0.1999101830107479,0.4928271607948527,0.631512124814926,0.3665854710580273,0.337493701006345,0.6234075085763998,0.3886983820112497,0.0070717996027264,0.0139281653322314,0.0070062931603256,-0.0079451303500628,-0.1765017118856973,0.1887881990005018
18,participant,0.5199867735154876,0.6564172692983268,0.2922956022588725,0.2681160500918135,0.4956098623949353,0.5310393939291329,0.5285312522250197,0.6621366878258855,0.3086532701745087,0.3054851684679168,0.4791278335500095,0.540583941571758,0.0085444787095321,0.0057194185275587,0.0163576679156361,0.0373691183761032,-0.0164820288449257,0.0095445476426251
19,participant,0.4891119760340295,0.6315948653533501,0.3431925583574361,0.3128514430708988,0.6536545941344424,0.3817533780600564,0.4966663496356036,0.6344264649878851,0.3781082176605462,0.3310479395202264,0.6030226864474278,0.4365114821714998,0.0075543736015741,0.002831599634535,0.0349156593031101,0.0181964964493275,-0.0506319076870145,0.0547581041114433
20,participant,0.5343734935913731,0.6903052170379955,0.1811792669310642,0.122401675962428,0.2567272641130111,0.8057288867242158,0.5380418184011307,0.6827460996276398,0.249215584810259,0.1840480195325595,0.3465217388095963,0.7075518298669388,0.0036683248097576,-0.0075591174103557,0.0680363178791947,0.0616463435701314,0.0897944746965851,-0.098177056857277
21,participant,0.5082559791266231,0.6576261722194731,0.2726664007601091,0.2247135310100838,0.4815696733289994,0.5636076631713471,0.5083925519450319,0.654385189028647,0.2835522116207802,0.2592186884760769,0.5033541860966312,0.5358335029899969,0.0001365728184087,-0.0032409831908261,0.0108858108606711,0.034505157465993,0.0217845127676317,-0.0277741601813502
22,participant,0.4942262848030314,0.6295038420530173,0.3615189367478745,0.3185993816283137,0.6722787072608016,0.339250933469854,0.4901437349939559,0.6167879787708908,0.4080152459027625,0.375078774094051,0.7079324910938156,0.287969928522893,-0.0040825498090754,-0.0127158632821265,0.0464963091548879,0.0564793924657373,0.0356537838330139,-0.0512810049469609
23,participant,0.4987974749403151,0.6400919612018084,0.3289194074151199,0.2853574829001274,0.6032118116629563,0.4429900410110847,0.4995673766303032,0.6328302769659332,0.3826536227273691,0.3289005214690205,0.618662367850295,0.4222195074700007,0.0007699016899881,-0.0072616842358752,0.0537342153122491,0.043543038568893,0.0154505561873387,-0.0207705335410839
24,participant,0.4785085156449637,0.6125294377953769,0.3689884559022712,0.3626814777615164,0.8221884553801115,0.1923613080701879,0.4752592625779068,0.6052790291009588,0.4316108199757599,0.3969725451778477,0.7868427358371698,0.2341303557097025,-0.0032492530670568,-0.0072504086944181,0.0626223640734886,0.0342910674163313,-0.0353457195429417,0.0417690476395146
25,participant,0.5005795270591425,0.6363047200947155,0.2882134231861208,0.2900764099179474,0.6396228528801483,0.3745598767291163,0.4931785767020676,0.6234435850495094,0.356076031317539,0.3500204950455304,0.68135637132083,0.3255136231288426,-0.0074009503570749,-0.0128611350452061,0.0678626081314181,0.059944085127583,0.0417335184406817,-0.0490462536002736
26,participant,0.4794203046617719,0.619969712934458,0.3339280384760138,0.3448817182524715,0.7401055445027181,0.2729291555612165,0.4903114013049279,0.628592041394177,0.3350571518365622,0.3499188347342737,0.6279558656310362,0.3924026975216806,0.010891096643156,0.0086223284597189,0.0011291133605483,0.0050371164818022,-0.1121496788716819,0.1194735419604641
27,participant,0.486383905264921,0.6315733142363668,0.3379812659241361,0.3054219676072317,0.6681146075776547,0.3540909173499053,0.487674886940234,0.623121489625017,0.3909337873713902,0.3475111953991673,0.6846221593459351,0.3335642318979416,0.001290981675313,-0.0084518246113497,0.0529525214472541,0.0420892277919356,0.0165075517682803,-0.0205266854519636
28,participant,0.515383035722381,0.6531527273500727,0.2396325970579128,0.2287338489207437,0.517013421334917,0.5105476035578845,0.5074259886841826,0.6500668151790907,0.299562460040863,0.2781731313136391,0.5322832784353224,0.4872188197318607,-0.0079570470381983,-0.0030859121709819,0.0599298629829501,0.0494392823928953,0.0152698571004054,-0.0233287838260238
29,participant,0.4996629471840343,0.6457550400242493,0.291224392147583,0.2655870615639445,0.5651359690880426,0.4806808417088125,0.4886539517187739,0.6180439012826605,0.3649641800787784,0.3595020916895265,0.7218228967135052,0.3109705745170553,-0.0110089954652604,-0.0277111387415888,0.0737397879311953,0.093915030125582,0.1566869276254625,-0.1697102671917572
30,participant,0.4801635731335668,0.6107361109285776,0.3691621656500479,0.3781708357632769,0.7837529790648506,0.2543895930878307,0.4876784281950205,0.6115247816380089,0.396839918795797,0.3927727769572007,0.7135487845433817,0.3254433007577605,0.0075148550614537,0.0007886707094313,0.0276777531457491,0.0146019411939237,-0.0702041945214689,0.0710537076699298
31,participant,0.5190215421601183,0.6552817469431709,0.2806860007824652,0.2742796738455983,0.5023536861659093,0.5217672992152637,0.5183697709071067,0.6489219963358686,0.3612294205015801,0.3267029958619049,0.5305037104492588,0.4833688713746913,-0.0006517712530116,-0.0063597506073023,0.0805434197191148,0.0524233220163065,0.0281500242833495,-0.0383984278405723
32,participant,0.528061835693061,0.6686721763232365,0.2292389638159422,0.2216022161991356,0.4231460903187805,0.6201521005717848,0.523872692985889,0.6640661086595671,0.2832626953744858,0.2773752429724947,0.461641965537957,0.5766605575760184,-0.0041891427071719,-0.0046060676636694,0.0540237315585436,0.0557730267733591,0.0384958752191765,-0.0434915429957664
33,participant,0.4836503709141869,0.637547556304653,0.3313513438839933,0.2951628990407694,0.6134086546863463,0.415359830554435,0.4829760936836536,0.6215935163290427,0.3874306407912274,0.3574765982166776,0.6795549700243187,0.3427030310947335,-0.0006742772305332,-0.0159540399756102,0.0560792969072341,0.0623136991759081,0.0661463153379724,-0.0726567994597015
34,participant,0.4945252028356911,0.6414190869195517,0.3052659300928637,0.2695079685101343,0.6028571943018779,0.4239539694505586,0.4831793628999211,0.6136469542755345,0.3673671649230223,0.3674586246375812,0.7681925314596387,0.2388154241458966,-0.01134583993577,-0.0277721326440172,0.0621012348301586,0.0979506561274469,0.1653353371577608,-0.1851385453046619
35,participant,0.4947036682584679,0.6352097714781293,0.3373732818069178,0.2900855998292651,0.6490620495653854,0.3743512822141454,0.5009168980954168,0.6364776272537417,0.3706386985061496,0.3227880634184393,0.5958865255939252,0.4270343824703828,0.0062132298369489,0.0012678557756123,0.0332654166992318,0.0327024635891742,-0.0531755239714601,0.0526831002562374
36,participant,0.5270629171787868,0.6814880070943096,0.1952208048763448,0.1442605823363293,0.3101621761316473,0.7499774870245239,0.5243000140948709,0.6731509086018704,0.2346239659970189,0.2030742609447565,0.3941888524672423,0.6576798645904414,-0.0027629030839159,-0.0083370984924391,0.039403161120674,0.0588136786084272,0.0840266763355949,-0.0922976224340825
37,participant,0.5250065214412671,0.6852846820483548,0.189893705944527,0.1519798098883048,0.3078230057443621,0.7544765508805276,0.5302122416445587,0.6838782370638616,0.2312655775400033,0.1982402877734551,0.3561385164284655,0.7034713227922879,0.0052057202032915,-0.0014064449844931,0.0413718715954763,0.0462604778851502,0.0483155106841033,-0.0510052280882397
38,participant,0.5061275710899414,0.6609942851409624,0.258856475811864,0.2100997418195354,0.4584537369783517,0.5949127315900526,0.5173243002989116,0.6641383248969052,0.3098692384089453,0.2273850230812147,0.4490157829151768,0.6087519539232181,0.0111967292089701,0.0031440397559427,0.0510127625970813,0.0172852812616792,-0.0094379540631748,0.0138392223331654
39,participant,0.4852874669598402,0.6280543689893567,0.3490407865325839,0.3127963932040808,0.7036630490759609,0.3199004018249893,0.4925522131791583,0.6229169775491331,0.3771817656724041,0.3549121458164841,0.6714367605600124,0.347069569022679,0.0072647462193181,-0.0051373914402236,0.0281409791398201,0.0421157526124033,-0.0322262885159484,0.0271691671976896
40,participant,0.5075014491022626,0.6447588469655922,0.2332053363901761,0.2572650056734901,0.5794504122996001,0.4620295812115746,0.5149757663557493,0.6527628147153824,0.2732164816280686,0.2598122895067555,0.5137194921864557,0.5313494472916961,0.0074743172534866,0.0080039677497902,0.0400111452378924,0.0025472838332654,-0.0657309201131444,0.0693198660801214
41,participant,0.5064707452512822,0.632945607155999,0.2886476975555625,0.303036738902721,0.6548341806186183,0.3791650377873705,0.532692603929016,0.6667941508469322,0.2414275977849383,0.2598550836778564,0.446390733743532,0.6013493786361712,0.0262218586777337,0.0338485436909331,-0.0472200997706241,-0.0431816552248646,-0.2084434468750862,0.2221843408488007
42,participant,0.5263403005223336,0.6903094769342395,0.1799632986966275,0.1340562912498565,0.2720776785362302,0.7842792453086385,0.531813311128096,0.6891093285008609,0.2334369493872116,0.1796950684582626,0.3257537598104157,0.7221011451744361,0.0054730106057624,-0.0012001484333785,0.0534736506905841,0.0456387772084061,0.0536760812741855,-0.0621781001342023
43,participant,0.5252044492290011,0.6810163746350948,0.1406180408252123,0.1290112205987894,0.295018389966761,0.7517345730383082,0.5290227901017402,0.6757205506096953,0.1977685478437359,0.1819216805311931,0.3713388665156658,0.6669082628232306,0.0038183408727391,-0.0052958240253995,0.0571505070185235,0.0529104599324036,0.0763204765489047,-0.0848263102150775
44,participant,0.5097996546087785,0.6546319297721982,0.2495340526811828,0.2325334550456681,0.5055455570924328,0.5222669710648823,0.5209943957976256,0.6652556469613153,0.264588897488494,0.2462024850210203,0.4498399936796348,0.5826802951427,0.0111947411888471,0.0106237171891171,0.0150548448073112,0.0136690299753522,-0.0557055634127979,0.0604133240778177
45,participant,0.4960979693201703,0.6299660555378152,0.3176282738096365,0.3203111752865291,0.6586039238626422,0.3636705355694105,0.4835506906575695,0.6066604898323087,0.3665854710580273,0.4027047909659967,0.7417859713768992,0.2686735688944023,-0.0125472786626007,-0.0233055657055064,0.0489571972483908,0.0823936156794676,0.0831820475142569,-0.0949969666750081
46,participant,0.4778761869782391,0.6103966617774675,0.3654853093221084,0.3708875931500037,0.8290239154962424,0.1763329601996014,0.4909621883601471,0.6287545896369136,0.379787411889054,0.3607494942995949,0.6169728916441408,0.3980303254860882,0.013086001381908,0.018357927859446,0.0143021025669456,-0.0101380988504088,-0.2120510238521016,0.2216973652864868
47,participant,0.4943001930349633,0.6336289448579384,0.3130249654935549,0.2964275002118737,0.65851069674917,0.3638126909744422,0.49381672683084,0.6238139805643345,0.3655432125713673,0.3470952897582157,0.6773259256704058,0.3414033022076993,-0.0004834662041232,-0.0098149642936039,0.0525182470778124,0.0506677895463419,0.0188152289212358,-0.0224093887667428
48,participant,0.4792877780343244,0.6186562321290645,0.3571472414288284,0.340849375261521,0.7889270658793456,0.2240658786064942,0.4662616887109972,0.5927647088718223,0.4054095996861125,0.4374307370332783,0.8172294517556261,0.1818406568446389,-0.0130260893233271,-0.0258915232572422,0.048262358257284,0.0965813617717572,0.0283023858762805,-0.0422252217618553
49,participant,0.5005138871728163,0.637206261870055,0.2872290679487197,0.2878954927157553,0.6277363802357296,0.3959148075242934,0.4923774730459056,0.621254665626988,0.3269796485649471,0.383538635367902,0.6444841504075745,0.3650808121178041,-0.0081364141269106,-0.015951596243067,0.0397505806162274,0.0956431426521466,0.0167477701718448,-0.0308339954064892
50,participant,0.478013024249098,0.6075266015163807,0.3656300674452556,0.383646127066279,0.8169937815345216,0.1904820163873055,0.4707857856338196,0.5851592148609623,0.4156295231803064,0.4559843915696868,0.859317669028577,0.1388603756434121,-0.0072272386152784,-0.0223673866554183,0.0499994557350507,0.0723382645034078,0.0423238874940553,-0.0516216407438933
51,participant,0.5185658328533689,0.6593523197403115,0.2631123646323923,0.2274041267257691,0.4716130376184269,0.575778484976189,0.5061930880448019,0.6241569928612228,0.3332042478602777,0.3486791306351071,0.6692304159801628,0.3589906035163225,-0.0123727448085669,-0.0351953268790886,0.0700918832278854,0.1212750039093379,0.1976173783617358,-0.2167878814598664
52,participant,0.4759946571732285,0.6075556701307203,0.3785424920299879,0.3878583177357761,0.7902933928028744,0.2175048860034777,0.4839845720058626,0.623153891626761,0.3939737079574819,0.3822135105811289,0.6288917499159372,0.3924400856659958,0.007989914832634,0.0155982214960407,0.0154312159274939,-0.0056448071546472,-0.1614016428869371,0.174935199662518
53,participant,0.4817166752734725,0.6206328813695253,0.3576394190475289,0.3341541635510804,0.7892611710372159,0.2070085433357925,0.4845822432462764,0.6198284094068467,0.3788030566516529,0.3622469638552387,0.6973942921159093,0.3060812206009415,0.0028655679728039,-0.0008044719626786,0.0211636376041239,0.0280928003041582,-0.0918668789213066,0.099072677265149
54,participant,0.523340137299217,0.6525814147343444,0.2522555053963506,0.2481717124517542,0.5191144254657455,0.5066335169820327,0.5413561117095138,0.6706476326006875,0.2562218779705845,0.2445036344107746,0.4284485986405882,0.6055569198902472,0.0180159744102967,0.0180662178663431,0.0039663725742338,-0.0036680780409796,-0.0906658268251572,0.0989234029082144
55,participant,0.5156927005552175,0.6627835480996187,0.3189890001672204,0.2407939222733887,0.4578891218019473,0.5777639715131982,0.523073451771553,0.6620717441943282,0.33882086303839,0.2684159334387562,0.46786906194844,0.5671378084945647,0.0073807512163354,-0.0007118039052904,0.0198318628711695,0.0276220111653675,0.0099799401464926,-0.0106261630186335
56,participant,0.4918192512424606,0.632545890283097,0.3451033655829794,0.2951595614193908,0.6775640252583224,0.3439843329597203,0.4948419146301225,0.6313780143408549,0.3803664443816429,0.3266497046256262,0.6336212508661142,0.3888061666566249,0.0030226633876618,-0.0011678759422421,0.0352630787986635,0.0314901432062353,-0.0439427743922081,0.0448218336969046
57,participant,0.5001460696959139,0.6367824033593512,0.3199154521553626,0.2951778390984939,0.625135211585597,0.4183335825794023,0.4940695500045221,0.6182959845803382,0.3622427273636107,0.3731164516486864,0.6826613526474875,0.3505768455471098,-0.0060765196913918,-0.018486418779013,0.042327275208248,0.0779386125501925,0.0575261410618904,-0.0677567370322925
58,participant,0.4904517362940261,0.6346555747092755,0.3433373164805833,0.2981283822945507,0.6420230169865723,0.392652336583605,0.4920509740791184,0.6334120430890132,0.4017037917335436,0.3349756844734141,0.6063213803356473,0.4202423574704459,0.0015992377850922,-0.0012435316202622,0.0583664752529602,0.0368473021788633,-0.0357016366509249,0.0275900208868408
59,participant,0.4732095059348682,0.6077638285240284,0.3768053945522213,0.3814651114563828,0.8259807796749438,0.1822596841156484,0.4740181478231406,0.5982425866665644,0.4494739723721272,0.4218425447549431,0.8023741536695957,0.1935761718833671,0.0008086418882723,-0.009521241857464,0.0726685778199059,0.0403774332985602,-0.023606626005348,0.0113164877677187
60,participant,0.4945209666060542,0.6241366058081135,0.3099560932828337,0.3342741127439851,0.7052185627631375,0.3106706020671404,0.4766365295270914,0.5893227557914675,0.3834063649677346,0.4495968775388573,0.8209570708091228,0.168721583476277,-0.0178844370789628,-0.0348138500166459,0.0734502716849008,0.1153227647948722,0.1157385080459852,-0.1419490185908633
61,participant,0.5085511745406289,0.6391999360515955,0.3194811777859209,0.2808860021691168,0.6134361552343628,0.418489581186779,0.508677809766566,0.6326327979626739,0.3586237742849301,0.3260416008650646,0.6219743394836187,0.4080369395140606,0.000126635225937,-0.0065671380889216,0.0391425964990092,0.0451555986959477,0.0085381842492558,-0.0104526416727183
62,participant,0.4998200310842253,0.6450135232218771,0.2836969697439275,0.265781137348387,0.5697776105415113,0.4702782414892218,0.4946866787690368,0.6282874825228025,0.3530071591068178,0.3350311921766135,0.6505704767952271,0.3743530956611454,-0.0051333523151884,-0.0167260406990745,0.0693101893628903,0.0692500548282264,0.0807928662537157,-0.0959251458280764
63,participant,0.5010771558690835,0.6361330793899885,0.3196838391583271,0.3000992929306261,0.6215876049661202,0.4093640885107295,0.4988443240352477,0.6214081314825772,0.3863883823045674,0.3591269863259499,0.6778821697883056,0.3472084819995184,-0.0022328318338357,-0.0147249479074113,0.0667045431462403,0.0590276933953237,0.0562945648221854,-0.062155606511211
64,participant,0.5105431456072796,0.6497082677821311,0.2292389638159422,0.2475144334169095,0.5381574724747232,0.4947240285710391,0.5065972070501374,0.6394422789110857,0.2857235834679886,0.3126945605399961,0.5828202194915493,0.439764309157167,-0.0039459385571422,-0.0102659888710453,0.0564846196520464,0.0651801271230866,0.044662747016826,-0.054959719413872
65,participant,0.500527219263223,0.6296968211530511,0.3015311705156653,0.3085726576605408,0.6891120559002476,0.3301662974957269,0.5120568152486712,0.643815583373689,0.3088559315469149,0.3035525039725526,0.5572066391117312,0.4733786033527098,0.0115295959854482,0.0141187622206379,0.0073247610312495,-0.0050201536879881,-0.1319054167885164,0.1432123058569829
66,participant,0.5186588838214278,0.6570724359140022,0.2826836628818969,0.2458114500209509,0.4905733151421042,0.5637945594859801,0.5139919082421469,0.647745289267569,0.3578999836691939,0.3080967074873958,0.5328878549966034,0.5074872928652515,-0.0046669755792808,-0.0093271466464331,0.075216320787297,0.0622852574664448,0.0423145398544991,-0.0563072666207286
67,participant,0.4716144238825516,0.6121760310462131,0.3782819274083229,0.3668947540287807,0.8019897785197435,0.2157585820560734,0.4738302492991525,0.6160637170916415,0.4308580777353943,0.3806282849702348,0.6894160346898949,0.329070649327369,0.0022158254166008,0.0038876860454284,0.0525761503270714,0.0137335309414541,-0.1125737438298486,0.1133120672712956
68,participant,0.4913465861047484,0.6344405807896053,0.3163833539505704,0.2938804737819045,0.6535744947367361,0.3657212368534364,0.4915025018067837,0.6376970945718775,0.3519069973708989,0.317867266287745,0.5924079851974683,0.4271735622551264,0.0001559157020352,0.0032565137822722,0.0355236434203284,0.0239867925058404,-0.0611665095392678,0.0614523254016899
69,participant,0.5012289309888978,0.6467295299700293,0.2510974404111729,0.2544253695828862,0.5608466162304719,0.4719310983943814,0.5131733544732315,0.6533762923462082,0.2960014102114414,0.2804237170921091,0.5084274810884957,0.5256479161822976,0.0119444234843337,0.0066467623761788,0.0449039698002685,0.0259983475092229,-0.0524191351419762,0.0537168177879161
70,participant,0.512017906127449,0.6503085183390767,0.2586538144394579,0.2490805386345739,0.534397799821066,0.4934095970565499,0.5156468132918284,0.6526897001917384,0.3003731055304875,0.2786186275018888,0.5147730443305418,0.5103867947419031,0.0036289071643793,0.0023811818526617,0.0417192910910296,0.0295380888673149,-0.0196247554905242,0.0169771976853531
71,participant,0.4815901444049587,0.6250916086490225,0.3713335374972562,0.3348007702351573,0.6972998469250686,0.307600383166161,0.4697879750118576,0.5984541507342643,0.4326820300870493,0.4325162149220886,0.7636307142551337,0.2236895137761944,-0.011802169393101,-0.0266374579147581,0.061348492589793,0.0977154446869312,0.0663308673300651,-0.0839108693899665
72,participant,0.5259362473281414,0.6813274966360012,0.1483191729766446,0.1554608465996788,0.3230493683739445,0.7288605609980167,0.5474011043173169,0.6940859770022486,0.1834664452767903,0.176025722808877,0.3098198790397225,0.7426684768277205,0.0214648569891755,0.0127584803662473,0.0351472723001457,0.0205648762091982,-0.0132294893342219,0.0138079158297038
73,participant,0.4754115546911453,0.6145661958573283,0.3942921758284058,0.3623234398713473,0.7699924802690393,0.2474394157912553,0.4756414319270628,0.6004039123735667,0.4134002480838392,0.4234571739094804,0.7524423326687527,0.2599549361443355,0.0002298772359174,-0.0141622834837615,0.0191080722554333,0.0611337340381331,-0.0175501476002866,0.0125155203530801
74,participant,0.542076315334737,0.6909161838344403,0.119106983725535,0.1103421029535937,0.237918513255511,0.8246067389658203,0.5508629736554007,0.6937693015238388,0.1724358762929719,0.1644091698399351,0.2987705056329827,0.7555520677865889,0.0087866583206637,0.0028531176893984,0.0533288925674369,0.0540670668863414,0.0608519923774716,-0.0690546711792313
75,participant,0.5127567234837627,0.6582476589229311,0.2609988960344429,0.2036466320675951,0.4730424208313556,0.5717353457371552,0.5305968489745835,0.6693768610207802,0.2864184224590952,0.207850737181052,0.4124339498736016,0.6358075396660029,0.0178401254908208,0.011129202097849,0.0254195264246522,0.0042041051134568,-0.060608470957754,0.0640721939288476
76,participant,0.4826104920468754,0.6309068120459126,0.3401815893959739,0.3138116599525706,0.6624718644510789,0.3769972105530185,0.4977588417219045,0.639306745641617,0.3720283764883629,0.317152569282954,0.5792635169016546,0.4609737361237092,0.015148349675029,0.0083999335957044,0.031846787092389,0.0033409093303833,-0.0832083475494243,0.0839765255706906
77,participant,0.4913227168602151,0.638344144434298,0.3217104528823882,0.2937299186874328,0.6173956309623228,0.4357250701050967,0.5026356704241803,0.6413616498568779,0.3282824716732722,0.3160493674706276,0.5688505285822945,0.4798395138125035,0.0113129535639651,0.0030175054225799,0.0065720187908839,0.0223194487831948,-0.0485451023800282,0.0441144437074068
78,participant,0.4731074115962708,0.6084253155534778,0.3864752371784557,0.3771840795953228,0.8402390472189761,0.1768331195276596,0.4742275377765439,0.6163071976252237,0.421593557853972,0.4004890479669745,0.6559268635805912,0.3541407395605577,0.001120126180273,0.0078818820717458,0.0351183206755163,0.0233049683716516,-0.1843121836383849,0.1773076200328981
79,participant,0.5028319488035257,0.6469672889060092,0.2929904412499792,0.266190098525611,0.552729637888255,0.4882526102792845,0.5026454771761798,0.635332772829369,0.3373732818069178,0.3231047888883851,0.6033802943106381,0.4346752277595575,-0.0001864716273458,-0.0116345160766402,0.0443828405569385,0.0569146903627741,0.050650656422383,-0.053577382519727
80,participant,0.5218856914934745,0.6840981905641162,0.197450079972812,0.1457961444732276,0.3033833007876862,0.7506050582647243,0.5298251464188074,0.6847788701500092,0.2427593725178928,0.171214542535231,0.3285998419082468,0.7269661412033168,0.0079394549253328,0.0006806795858929,0.0453092925450807,0.0254183980620033,0.0252165411205606,-0.0236389170614075
81,participant,0.5315301747200188,0.6603645401660337,0.2068014547281226,0.2204821418092405,0.4658864917720212,0.5663011460237983,0.538579569701263,0.6674296190536706,0.2570904267094679,0.267363453374651,0.4493747499218878,0.5800800893906566,0.0070493949812441,0.0070650788876368,0.0502889719813452,0.0468813115654105,-0.0165117418501333,0.0137789433668582
82,participant,0.5203180858825783,0.6510532082194873,0.2884160845585269,0.2685471902455951,0.5225584210543602,0.5165935703475338,0.5104342453214314,0.6211731075025261,0.3479985280459239,0.3733816225293425,0.6550255519015418,0.3664668802684125,-0.0098838405611468,-0.0298801007169612,0.0595824434873969,0.1048344322837473,0.1324671308471815,-0.1501266900791212
83,participant,0.5051361898065432,0.6445207982752176,0.3266901323186527,0.2851892476008553,0.5683955053526121,0.4467253683743034,0.495567920269386,0.6239151139207033,0.3605924847597322,0.3822956181068873,0.6357720754022766,0.3624003663015023,-0.0095682695371571,-0.0206056843545142,0.0339023524410795,0.0971063705060319,0.0673765700496645,-0.084325002072801
84,participant,0.5047654086998354,0.6331530287576765,0.306395043453412,0.3061933964911868,0.6459334514178222,0.3786931040753704,0.490219097208985,0.6066743755361083,0.363892969967489,0.405763267438484,0.7327389479740407,0.2759915219877518,-0.0145463114908504,-0.0264786532215682,0.0574979265140769,0.0995698709472971,0.0868054965562185,-0.1027015820876185
85,participant,0.4877958005437714,0.6222910875003252,0.3689595042776418,0.3356501969447999,0.7315988443671646,0.2970075819380125,0.4943736789695374,0.6232682762941959,0.3906732227497252,0.3545849490122698,0.668227175665554,0.3659489532197021,0.006577878425766,0.0009771887938706,0.0217137184720834,0.0189347520674699,-0.0633716687016106,0.0689413712816896
86,participant,0.48125693695664,0.6203044621992522,0.3256189222073632,0.3399681980055792,0.7522709061379252,0.2667886937769781,0.4815947806479742,0.605151656096446,0.3999377426311475,0.3983542450114115,0.7840786547534588,0.2240854855579938,0.0003378436913342,-0.0151528061028062,0.0743188204237842,0.0583860470058323,0.0318077486155335,-0.0427032082189842
87,participant,0.5162930572425899,0.6466688807389581,0.2749246274812058,0.2582967785822849,0.5600625975672955,0.4683084998729873,0.5061881909536683,0.6364185541067232,0.350546271013315,0.3245236417047913,0.5985810786093424,0.4157472488169886,-0.0101048662889215,-0.0102503266322349,0.0756216435321092,0.0662268631225064,0.0385184810420469,-0.0525612510559987
88,participant,0.5205287388422137,0.6647894622500183,0.2760247892171247,0.2039023661515567,0.4328456678081152,0.6070975884907713,0.5225104085853451,0.6571897979190923,0.2982306853079087,0.2532053053919894,0.4885021653600733,0.5447520866497402,0.0019816697431314,-0.007599664330926,0.0222058960907839,0.0493029392404326,0.055656497551958,-0.0623455018410311
89,participant,0.4821012396092589,0.6225279204075828,0.3619532111173162,0.3369802403636567,0.7260633383722216,0.2826461305847461,0.4834045345602825,0.606149029353193,0.4358377571716588,0.4025562708994841,0.757572309120577,0.2400933945472602,0.0013032949510236,-0.0163788910543897,0.0738845460543425,0.0655760305358274,0.0315089707483554,-0.0425527360374859
90,participant,0.4768301953925408,0.6115317105183302,0.3420634449968878,0.3662137069394052,0.8269074915562293,0.1860242346900018,0.4818833499320928,0.6209140084868957,0.3806849122525668,0.3626705826689922,0.675875000276238,0.3510422661506739,0.005053154539552,0.0093822979685654,0.038621467255679,-0.0035431242704129,-0.1510324912799913,0.1650180314606721
91,participant,0.4999465204726961,0.6357406609615274,0.320002307029251,0.2987506873115546,0.6297382226190616,0.4098247357960994,0.4859361225189975,0.6044876367077799,0.3851724140701307,0.4044814250877743,0.7652460292551523,0.2551583237999499,-0.0140103979536985,-0.0312530242537474,0.0651701070408797,0.1057307377762197,0.1355078066360906,-0.1546664119961494
92,participant,0.5228985795056873,0.6787433543381248,0.2146183933780727,0.1560265835433277,0.3326594910820731,0.7173885849994789,0.5239389393746985,0.6764634523977052,0.2736797076221396,0.206168693049209,0.3846609035393784,0.6595857434168114,0.0010403598690111,-0.0022799019404196,0.0590613142440669,0.0501421095058813,0.0520014124573053,-0.0578028415826674
93,participant,0.4870145100991955,0.6352722033717887,0.3400368312728266,0.2990817495821246,0.6398664676080861,0.4073591675256551,0.477244219286404,0.6063198973655359,0.4212171867337893,0.3931805409183067,0.7869531580739473,0.2380828205385994,-0.0097702908127914,-0.0289523060062527,0.0811803554609626,0.094098791336182,0.1470866904658612,-0.1692763469870557
94,participant,0.4821585247002604,0.6263778744563289,0.3586237742849301,0.3267337092424668,0.6935292185250884,0.341518489393653,0.4720572907418396,0.6010262838250444,0.3878649151606691,0.4272448563478761,0.732115321065841,0.2832068970302505,-0.0101012339584207,-0.0253515906312844,0.0292411408757389,0.1005111471054092,0.0385861025407525,-0.0583115923634024
95,participant,0.5171454481784548,0.645106422792041,0.2864763257083542,0.2689844981722812,0.5670098154137315,0.4741309469905682,0.529031721780373,0.6630140837165358,0.2781382578150742,0.2487423350558006,0.4586426537830238,0.5910052112211533,0.0118862736019182,0.0179076609244948,-0.00833806789328,-0.0202421631164806,-0.1083671616307077,0.1168742642305851
96,participant,0.495374684912802,0.6414218017928041,0.3029498001225081,0.2683193444232556,0.6040069401214849,0.4236015287364204,0.4873114744162963,0.6286691035689175,0.3614899851232451,0.3340332016429759,0.6493008865022288,0.3711368774838639,-0.0080632104965056,-0.0127526982238865,0.0585401850007369,0.0657138572197202,0.0452939463807439,-0.0524646512525565
97,participant,0.5584657046405707,0.697821187729892,0.1105083512105899,0.1249009391690811,0.243434278196587,0.8163189725826305,0.5541270726473563,0.6859005933079476,0.1948154821315326,0.1937923742207438,0.3459486558272732,0.7075501902687369,-0.0043386319932143,-0.0119205944219443,0.0843071309209426,0.0688914350516626,0.1025143776306861,-0.1087687823138936
98,participant,0.481557961595756,0.6244673629504501,0.319220613164256,0.3238110718341934,0.7343075504908915,0.2932906937490873,0.4858918397545225,0.6135317745543775,0.3982006451533808,0.3756406490806763,0.7339749334520476,0.2841267704367027,0.0043338781587665,-0.0109355883960726,0.0789800319891248,0.0518295772464829,-0.0003326170388439,-0.0091639233123846
99,participant,0.5147625136332071,0.6582826986900079,0.2844497119842931,0.2403198210822357,0.4808938938964139,0.5687555851172589,0.5143473339383094,0.6366283892078184,0.3180335965544487,0.3326788740522756,0.5855319124702539,0.4491169261518014,-0.0004151796948976,-0.0216543094821894,0.0335838845701556,0.0923590529700398,0.10463801857384,-0.1196386589654575
100,participant,0.4969910034421109,0.6301919413112508,0.3407027186393039,0.3156522972591936,0.6651207974854398,0.3563747576959725,0.4934069055577313,0.6119454364620344,0.3947264501978475,0.3942461667849567,0.7043853673397324,0.3048524381247582,-0.0035840978843795,-0.0182465048492164,0.0540237315585436,0.0785938695257631,0.0392645698542926,-0.0515223195712142
