repetition,delta_mae,delta_rmse,delta_spearman_rho,delta_pearson_r,delta_calibration_slope,delta_calibration_intercept
1,0.01374797978254877,0.07136348486245414,-0.030569868011362467,-0.14967388585580182,-0.4864731670844652,0.5234741280419202
2,0.010148363532889337,0.02621229165577421,0.05470953454953659,-0.0338292243097581,-0.6702875986362593,0.7207759603456148
3,-0.00925578241176428,0.015561302260528542,0.06425975710993465,-0.04343584957431762,-0.36018570390735083,0.42527024820688475
4,-0.005541998942066195,0.022999641373279367,-0.003827836254849837,-0.026415036013612447,-0.19712582395145362,0.21095382277739555
5,-0.02043202260088589,-0.017559906818428894,0.07383815141829836,0.07981246627414412,0.13885098144599528,-0.16226028222539934
6,-0.03119120341359699,-0.0017660832876673638,0.0910616538308745,0.0585195850379939,0.06146727185847378,-0.07817572277197049
7,0.010506287065834952,0.010107306389778414,0.06794673462495554,0.02510274146175362,-0.12205564813791225,0.12770008657750404
8,-0.0005157497817404599,0.02067274803828889,0.07696169397400379,0.037990225607496514,-0.038623414016402735,0.03362276289000721
9,-0.04399331534223205,-0.028067663240146867,0.11482100177151072,0.1400668006271837,0.2175713896531779,-0.2564257125305299
10,0.018071605515940947,0.03582238863846199,0.026389884906940497,-0.08337160767285234,-0.39620248570079075,0.4291962734853235
11,-0.012888927113653359,0.021990990018921908,0.02929157494741541,-0.009286301974391564,-0.14285727042029706,0.16354036848765607
12,-0.0006176698710957385,0.017788999301164288,0.03434136077028066,-0.022326198130091374,-0.23691766797521996,0.24580873235752915
13,-0.04405146860057818,-0.033056542865803173,0.06041431351260618,0.09030217294065315,0.37941351455357464,-0.4113074585590796
14,-0.007835629925520227,-0.0022900079416600105,0.03133050520643843,0.039061798924280966,-0.012942896744316812,0.010127007881127414
15,-0.0014815750670232886,0.01983462915969525,0.013948536711554771,-0.04823279014537141,-0.33835497668897485,0.35685281316107953
16,-0.03124944654781392,-0.0202143241494126,0.053543928477452596,0.07069772604877689,0.3203462897837581,-0.35308282815396086
17,-0.01743283291428499,0.01740475837269151,-0.0008521953759647038,0.014225200852978431,-0.17163582381136405,0.19323153669769877
18,0.007264391649170698,0.03874598686756736,-0.01984347497339331,-0.02970416223470934,-0.11836069545304373,0.12669615103537313
19,0.0015243548206321789,0.016840848725357627,0.08336724516772206,0.017876305554598376,-0.19453765972062387,0.21234122181649662
20,-0.03406650164841768,-0.02025318114903152,0.07710607418232836,0.0438527836520034,0.1575392554823854,-0.17186476370345105
21,-0.018030331482660533,-0.008421538150951258,0.0488110748192023,0.02465788778804856,0.151030405277932,-0.16624065945821187
22,-3.379021381894054e-05,0.010895245184974534,0.06772840357822074,-0.0054473692142421315,-0.3349946436844502,0.3505340451452614
23,-0.00623643242370675,0.019374912441631698,0.025382744917164024,-0.03023621124250994,-0.218701573936956,0.22695640038220916
24,-0.016334850690712444,0.015129059211297036,0.06949970223156887,-0.032174667028969706,-0.21662425530817364,0.233788144091427
25,-0.019047219140604088,0.004163104868629142,0.04234565866105677,0.014298157293906766,-0.13250186569915012,0.14743498977197395
26,-0.003266735688761624,0.040112269797566324,-0.011233484501353197,-0.09388555657495554,-0.37152427882425465,0.39515397975908273
27,-0.008479121559776481,0.004086578671451013,0.0737994152648454,0.015422923687444717,-0.06677107592429155,0.06929019873977438
28,-0.000902148902753086,0.03090185322722372,-0.007666236915186725,-0.053712058764118276,-0.26152324009881694,0.29296933801243996
29,-0.021527009177830403,0.0031215329726534957,0.0033630024134145287,-0.01996190400237799,-0.025554916794313542,0.02197095587836262
30,-0.007253062276387057,0.021713417498087195,0.04785323538836589,-0.07315517921015863,-0.22973224002895587,0.2658863956344299
31,-0.03465293591510943,0.0057681721908959815,0.05326221099779485,0.0023486876766971587,-0.022480857495860374,0.026576347340139583
32,0.02807203976171818,0.0245996903948823,0.03662327235550855,0.04176670341855937,-0.07017054483878082,0.08097239918988619
33,-0.015101757935317373,0.006517637963534995,0.06856651308020256,-0.002531062843142695,-0.16295382706710804,0.1617486620465932
34,-0.021582945897905104,-0.009878926867365245,0.06611204953868433,0.04728109269308595,0.1039315259062813,-0.11495958962048475
35,0.011254792739272323,0.0456154820092064,-0.010624270451593143,-0.10570965063166127,-0.3487895988589847,0.37653191661511215
36,-0.023013461013450143,0.0033197934816628916,0.04633196099821399,0.01178655157755687,2.952233674680116e-05,-0.013310754360930765
37,-0.01076905793258598,0.008162425185519795,0.07544394105234759,0.04261372297180699,0.006271209026402769,-0.003719298194782894
38,-0.008083665933711237,0.015425360788718034,0.015283173271433359,-0.027011263629606486,-0.10012934805819607,0.10230017951206294
39,0.0009082830209606874,0.009857609591623961,0.06778122560565658,0.032985651782799746,-0.14558060957650465,0.14844668180335308
40,-0.004725934106873664,0.03989306200125409,-0.009610087524825256,-0.12962844672461582,-0.36617680162866195,0.39215402467042915
41,0.011635075208921264,0.04782982613474207,-0.0013804156503230136,-0.0566087338857679,-0.2830400621237456,0.2996621422491992
42,-0.00040115786001071463,0.01895491266928595,0.03083397814854158,0.002337061155563522,-0.029935988686261017,0.02727817327251736
43,-0.004350966955278146,0.022672087741594904,0.003366523881910194,-0.042174405483448946,-0.13270005273227586,0.15071511585095587
44,-0.002250075600438717,0.03626696272240759,0.0011163055131438449,-0.06733151098216444,-0.2630898830660787,0.29609393318402644
45,-0.02861990025259792,-0.029065063386721324,0.06187924440682657,0.09397374641710471,0.3007055870932017,-0.3123301762964651
46,-0.018007938994782757,0.0045916230051369356,0.03616195998256905,-0.013594172853279851,-0.21603600052786232,0.2210191109017693
47,-0.019800233614193696,-0.010805575279711266,0.06449569549914802,0.054409606580813896,0.17408088576199177,-0.19957839677101125
48,-0.011094613667312014,0.0064527458366276935,0.01842432316961734,0.002450252971086142,-0.2607507742412283,0.2580945918678463
49,-0.00033170721696568206,0.01666196288781352,0.00969108130022689,0.040069659209498565,-0.16890270498568832,0.1748708180624608
50,-0.021283403263111123,-0.005463933871479254,0.0022255680892963037,0.019082740549106192,0.07078615362333385,-0.07618978538608352
51,-0.011961218014580277,-0.012782062857242593,0.06104465637334047,0.08661554469154592,0.08386858055802526,-0.10462001415279237
52,0.021095726358687394,0.04591079476416593,-0.006824605944709128,-0.05209821291047961,-0.30832182089624693,0.3407357680656006
53,-0.016284067364620347,0.012279995524786647,0.0845786303302504,0.0004345936288205343,-0.18875440947445787,0.21127651689233712
54,-0.0005580589087581522,0.04852643951393443,-0.08075079407540064,-0.13013149546041544,-0.37828787985650436,0.42219245120836035
55,0.0021980372601432263,0.013269440269390809,0.07305286394375243,0.03970794793574606,-0.01519283469783722,0.019242761564499666
56,-0.006728269781803575,0.019282036390835255,0.04739896595241777,-0.031919432674772846,-0.2669961228086275,0.27792922050620666
57,-0.0043376180988929924,0.013421273634964481,0.003856008002815603,-0.01737374975619771,-0.13822326425090714,0.13774695457560443
58,0.013785251728889614,0.03554426455939419,0.025146806527950594,-0.008729979074526995,-0.34639360828858556,0.36082153436845865
59,-0.020952976073148666,0.007059297603104642,0.08913541056371466,-0.015171625721244864,-0.18958253452355123,0.20777636190989657
60,-0.02230340138577591,-0.024811003474839888,0.06391817466584959,0.09285843341769659,0.2880792175010376,-0.3322230938013822
61,-0.032682385043542705,-0.019107053773124383,0.06703115281606778,0.06692859537797449,0.24319302859769237,-0.2651690885787215
62,-0.025218043741130403,0.00796087226008968,0.07357404128111922,-0.020938399520036344,-0.06914066716526646,0.06686410461601627
63,-0.014865615859516512,-0.0007550679667388538,0.07435932875566525,0.061855834981774105,-0.09991714618110292,0.09443275555474412
64,-0.030040590761597208,-0.01496809196597182,0.038774889606394664,0.04468172463089293,0.17075637706898028,-0.19564579532651372
65,0.012884472138269432,0.057506831410687576,-0.06430905766887474,-0.174902004558961,-0.5187769020291975,0.556103917046691
66,-0.012980002601784224,0.015030335019840302,0.07570100825253528,0.0012888325752353769,-0.15307612019904365,0.16047555486502113
67,0.0034232515123298057,0.037477732297036104,0.012275839176086822,-0.07996282173019223,-0.34013735501285125,0.37643251473601136
68,-0.02817601187398211,0.008901292185576004,0.1128701082248808,0.04936189718276032,-0.01761942196294941,0.022424271013170016
69,0.02157897689214422,0.05103934394312182,-0.04737431567294775,-0.10887217133967914,-0.5611556296523974,0.5947308388248712
70,0.009867632371981516,0.03461678408688551,0.015860694104731787,-0.03944599712845416,-0.2012102535009877,0.21632808933095526
71,-0.03415081497543693,-0.022128031309333163,0.11182775355014701,0.09603637718509583,0.0616139066893554,-0.04578410693719409
72,0.003147489834486872,0.022145420942769722,0.057276685082917916,-0.00941375993666857,-0.09864714841572503,0.11855793295739148
73,-0.03323735331925082,-0.023477661144293505,0.0714083381562502,0.09861485642663509,0.34852680601969366,-0.37421075291862993
74,-0.01849666619370388,0.014201808220124623,0.06990819257707262,-0.003625419672244362,-0.05783370933306334,0.06299044045370294
75,-0.00354942637356781,0.021341026292440834,0.049258301318158976,-0.004175281409441636,-0.13153564085925273,0.14667454495505183
76,0.0009104166598996044,0.040014968891025515,-0.03570064760962943,-0.12330043909100946,-0.33917032019614857,0.36650197768139514
77,0.0029027912931144373,0.011938963668885028,0.0596642407230174,0.03499584986810664,-0.11516576456694316,0.1113157045472477
78,-0.026843340040398178,-0.0024809704457303683,0.05262482520006917,0.018494561234979723,-0.09152248735307145,0.07797780848972385
79,-0.030761352744930803,-0.0032445268493076496,0.08392363719004609,0.03458120587289881,0.02374650154697422,-0.021130330400727926
80,0.009846814358490441,0.022772852043708824,0.0409405927312637,0.01289927839314299,-0.016423414255729962,0.019316494888365177
81,-0.001318319972860249,0.0337917040077772,-0.0014649308942203398,-0.0015106394510259191,-0.16850876179577257,0.18519572149930064
82,-0.048824067653698955,-0.023094805228592308,0.06766149567680202,0.06830396895368773,0.19356163992195086,-0.21028132031161526
83,-0.04066226283599356,-0.03376571581256771,0.11747618901728504,0.17120812917785816,0.25230639487188233,-0.279459751915812
84,-0.018106741396175463,-0.00950090180479668,0.013807677971725829,0.04458083158588133,0.057405446939092775,-0.06613715615566246
85,-0.005558649702928631,0.023880089683513406,0.032806000506145905,-0.051021649867503155,-0.2621929960751024,0.2847853515312835
86,-0.026595832249799722,-0.002255060883643023,0.13483702870119452,0.02099080725436392,-0.10651677841937135,0.11176100995937371
87,-0.03936285313620208,-0.014674825340888487,0.018973672254949975,0.049096681881303395,0.23189610096950053,-0.2592558637925817
88,-0.018674438978971808,0.008887195554084792,0.0772011538317128,0.02920892342138065,-0.018112235605379334,0.021971006878949262
89,-0.022786953470156912,-0.017470731985840593,0.06778474707415233,0.07201434564387443,0.12576513514097798,-0.1339907375395067
90,-0.005741283905970285,0.010857542027824296,0.048106781120057895,-0.04545790695763702,-0.26064646118456103,0.2674702960041003
91,-0.04117907838784779,-0.027499846497198832,0.10230922420621053,0.09546756766070086,0.357321126294772,-0.3770398488969329
92,-0.01697209666440458,-0.016057716062682026,0.06057277959491372,0.07280390477804075,0.17076063412484732,-0.1904537714133172
93,-0.043211550766083906,-0.02063678117986345,0.07656728950248287,0.060685964670331854,0.21412322310811716,-0.24310755190276018
94,-0.01161100600104803,0.006775112718142684,0.014438020832460041,0.02612092205781602,-0.15259253394375882,0.145771705281583
95,0.005495974407752624,0.034048570516966636,0.036514106832141124,-0.06209193016884387,-0.35583495651771324,0.3894138764019969
96,-0.02376639899688998,0.0002499955228409956,0.06773192504671649,0.016488711207396034,-0.0406398357883333,0.035045991220706896
97,-0.03893298523450123,-0.023266193470964813,0.0888431286785697,0.057632159971800406,0.21488676618059077,-0.22809811252602408
98,-0.011488184573245686,0.01661964503640012,0.07203868101698441,-0.031733697184248566,-0.24953968293568785,0.2611567422109581
99,0.016145755420450048,-0.0013957364074567158,0.06883766615437314,0.13347611099744586,0.10054167210893489,-0.10941765768791256
100,-0.024796941441655118,0.004239050113684084,0.019751916792504598,0.0020128671843777646,-0.08538765144652427,0.08178818713924835
