resample,feature,within_effect,estimability_status
1,gait_speed,-0.04270430047038449,OK
1,stride_length_mean,-0.04196807797390955,OK
1,cadence,-0.021242013739605096,OK
1,stride_time_mean,0.014206988813722527,OK
2,gait_speed,-0.0298996808233258,OK
2,stride_length_mean,-0.027439017225117036,OK
2,cadence,-0.014308299483432273,OK
2,stride_time_mean,0.013473037290784593,OK
3,gait_speed,-0.05715227141590929,OK
3,stride_length_mean,-0.04660478785599579,OK
3,cadence,-0.030778614035502503,OK
3,stride_time_mean,0.007824189463561114,OK
4,gait_speed,-0.06390185287886066,OK
4,stride_length_mean,-0.04914140000307745,OK
4,cadence,-0.05445025698792768,OK
4,stride_time_mean,0.026153384298274285,OK
5,gait_speed,-0.03093181438060729,OK
5,stride_length_mean,-0.020371829504852938,OK
5,cadence,-0.03280343769954735,OK
5,stride_time_mean,0.025054543319016694,OK
6,gait_speed,-0.044338748789384486,OK
6,stride_length_mean,-0.048732033011389064,OK
6,cadence,-0.0018185164682875752,OK
6,stride_time_mean,0.001987310361284554,OK
7,gait_speed,-0.03484259429072017,OK
7,stride_length_mean,-0.030044162859786942,OK
7,cadence,-0.020844738465817438,OK
7,stride_time_mean,-8.41395970755268e-05,OK
8,gait_speed,-0.021864728980261417,OK
8,stride_length_mean,-0.03011154963673686,OK
8,cadence,0.006975272194704432,OK
8,stride_time_mean,0.00778756271768018,OK
9,gait_speed,-0.040192725310947426,OK
9,stride_length_mean,-0.040016958020673336,OK
9,cadence,-0.01520861382684973,OK
9,stride_time_mean,0.009634067348414413,OK
10,gait_speed,-0.027243041464014458,OK
10,stride_length_mean,-0.02832041049494923,OK
10,cadence,-0.002590838535773397,OK
10,stride_time_mean,-0.004201496444027894,OK
11,gait_speed,-0.0291836897042063,OK
11,stride_length_mean,-0.028025312781986087,OK
11,cadence,-0.005274701777773032,OK
11,stride_time_mean,-0.006196098410086348,OK
12,gait_speed,-0.02315060664518528,OK
12,stride_length_mean,-0.02810940191828346,OK
12,cadence,-0.0008233298352224953,OK
12,stride_time_mean,0.0007400624068558651,OK
13,gait_speed,-0.011342018530998131,OK
13,stride_length_mean,-0.02384220424607156,OK
13,cadence,0.021443720047475585,OK
13,stride_time_mean,-0.013871071522502342,OK
14,gait_speed,-0.0369160858065568,OK
14,stride_length_mean,-0.02986026441830244,OK
14,cadence,-0.026870329342489115,OK
14,stride_time_mean,0.0058372507044178725,OK
15,gait_speed,-0.04267265885469849,OK
15,stride_length_mean,-0.04102280891905454,OK
15,cadence,-0.01963518958475218,OK
15,stride_time_mean,-0.006058132619789506,OK
16,gait_speed,-0.04283712449267029,OK
16,stride_length_mean,-0.03798233942900656,OK
16,cadence,-0.0248557251530114,OK
16,stride_time_mean,0.02946338487127668,OK
17,gait_speed,-0.030631999637312887,OK
17,stride_length_mean,-0.03240073068959221,OK
17,cadence,-0.006247989895051207,OK
17,stride_time_mean,-0.010817165073257454,OK
18,gait_speed,-0.061387027473786354,OK
18,stride_length_mean,-0.05908589015371858,OK
18,cadence,-0.02508593935358732,OK
18,stride_time_mean,0.011811062468172026,OK
19,gait_speed,-0.03421676311553367,OK
19,stride_length_mean,-0.03470673057998732,OK
19,cadence,-0.007452224060927088,OK
19,stride_time_mean,0.003692185278806694,OK
20,gait_speed,-0.020604188500031352,OK
20,stride_length_mean,-0.027927750176383666,OK
20,cadence,0.0010212607061672592,OK
20,stride_time_mean,0.007736464353141143,OK
21,gait_speed,-0.04833745376356214,OK
21,stride_length_mean,-0.0426125097023688,OK
21,cadence,-0.023482971053136285,OK
21,stride_time_mean,0.0075073275278864,OK
22,gait_speed,-0.01817203075834029,OK
22,stride_length_mean,-0.02637933021718659,OK
22,cadence,0.006337960529707641,OK
22,stride_time_mean,0.00014842561822277055,OK
23,gait_speed,-0.02279653043046936,OK
23,stride_length_mean,-0.02365359332533503,OK
23,cadence,-0.007509898192776767,OK
23,stride_time_mean,0.005805650902566502,OK
24,gait_speed,-0.04952883112329322,OK
24,stride_length_mean,-0.04593698046840015,OK
24,cadence,-0.024317188153884055,OK
24,stride_time_mean,0.027953880665786243,OK
25,gait_speed,-0.02782173126857617,OK
25,stride_length_mean,-0.02691458306662837,OK
25,cadence,-0.011857931299966826,OK
25,stride_time_mean,0.02129937373140645,OK
26,gait_speed,-0.017495569946387027,OK
26,stride_length_mean,-0.02842035917314661,OK
26,cadence,0.012252267392251675,OK
26,stride_time_mean,-0.01087756675914022,OK
27,gait_speed,-0.010415286593732481,OK
27,stride_length_mean,-0.012550420648166395,OK
27,cadence,0.0017516731408139018,OK
27,stride_time_mean,-0.009454426408399308,OK
28,gait_speed,-0.05049539293968375,OK
28,stride_length_mean,-0.04406203783127721,OK
28,cadence,-0.02150993944069375,OK
28,stride_time_mean,0.010087392093002759,OK
29,gait_speed,-0.020300893500820295,OK
29,stride_length_mean,-0.015726976145051585,OK
29,cadence,-0.017624376412149267,OK
29,stride_time_mean,0.020023002329648144,OK
30,gait_speed,-0.03781888666702265,OK
30,stride_length_mean,-0.03525310636792055,OK
30,cadence,-0.015913442217506797,OK
30,stride_time_mean,0.006440772726380631,OK
31,gait_speed,-0.032538326528346165,OK
31,stride_length_mean,-0.03322796901458864,OK
31,cadence,-0.010249054861380896,OK
31,stride_time_mean,-0.00384664314901697,OK
32,gait_speed,-0.025052486943438614,OK
32,stride_length_mean,-0.014800508869995132,OK
32,cadence,-0.03271176907594983,OK
32,stride_time_mean,0.029321794228254205,OK
33,gait_speed,-0.03576064834663285,OK
33,stride_length_mean,-0.03602433519860028,OK
33,cadence,-0.011101951373984184,OK
33,stride_time_mean,-0.00498217966579471,OK
34,gait_speed,-0.027510144032283995,OK
34,stride_length_mean,-0.032634130259486915,OK
34,cadence,-0.0017040410699344785,OK
34,stride_time_mean,0.0019257248533137115,OK
35,gait_speed,-0.033796070766675124,OK
35,stride_length_mean,-0.03716757604745485,OK
35,cadence,-0.0059324582882686215,OK
35,stride_time_mean,-0.0016990990741852854,OK
36,gait_speed,-0.04330001107605329,OK
36,stride_length_mean,-0.0408292198014642,OK
36,cadence,-0.008975761724087294,OK
36,stride_time_mean,-0.01805679472066404,OK
37,gait_speed,-0.0209654118713865,OK
37,stride_length_mean,-0.02667756210571047,OK
37,cadence,0.0034588574764299026,OK
37,stride_time_mean,-0.0025638185381956567,OK
38,gait_speed,-0.045031001443496255,OK
38,stride_length_mean,-0.042802298699435276,OK
38,cadence,-0.020820553931118237,OK
38,stride_time_mean,0.03004950431624572,OK
39,gait_speed,-0.03315745181872023,OK
39,stride_length_mean,-0.030358378342380258,OK
39,cadence,-0.01776765730566261,OK
39,stride_time_mean,0.0054835326992200475,OK
40,gait_speed,-0.026579375178572548,OK
40,stride_length_mean,-0.0298909247354825,OK
40,cadence,0.001872512419743384,OK
40,stride_time_mean,-0.004472826198795385,OK
41,gait_speed,-0.025570622135342707,OK
41,stride_length_mean,-0.035228164565346866,OK
41,cadence,0.00822503724234897,OK
41,stride_time_mean,0.00020247378612685943,OK
42,gait_speed,-0.032484546255093116,OK
42,stride_length_mean,-0.025792491356470604,OK
42,cadence,-0.02968528900424362,OK
42,stride_time_mean,0.02527963418450501,OK
43,gait_speed,-0.03760369030283013,OK
43,stride_length_mean,-0.04180500623611286,OK
43,cadence,0.0007933268913028455,OK
43,stride_time_mean,0.01144260631950588,OK
44,gait_speed,-0.04984720535044082,OK
44,stride_length_mean,-0.041884519007154154,OK
44,cadence,-0.030249723522444583,OK
44,stride_time_mean,0.027159547139107062,OK
45,gait_speed,-0.020070256402738008,OK
45,stride_length_mean,-0.018983353914130564,OK
45,cadence,-0.012944992247535963,OK
45,stride_time_mean,0.0062973194326943795,OK
46,gait_speed,-0.04737928027897122,OK
46,stride_length_mean,-0.04226841866420864,OK
46,cadence,-0.024425673368424928,OK
46,stride_time_mean,0.005316864939371213,OK
47,gait_speed,-0.026121555232461836,OK
47,stride_length_mean,-0.026129895479355923,OK
47,cadence,-0.008599061908289803,OK
47,stride_time_mean,-0.002540165910998397,OK
48,gait_speed,-0.029169864255942493,OK
48,stride_length_mean,-0.024806733464451676,OK
48,cadence,-0.020082850899669213,OK
48,stride_time_mean,-0.0005814984366918938,OK
49,gait_speed,-0.02684078031598382,OK
49,stride_length_mean,-0.01923446964912498,OK
49,cadence,-0.02129674271875046,OK
49,stride_time_mean,-0.00044138622656135496,OK
50,gait_speed,-0.04889725874858091,OK
50,stride_length_mean,-0.052331388892626986,OK
50,cadence,-0.01441385626239535,OK
50,stride_time_mean,0.028574423171975828,OK
51,gait_speed,-0.037718715613866104,OK
51,stride_length_mean,-0.04202028440392812,OK
51,cadence,0.003309996077174253,OK
51,stride_time_mean,-0.002709403193022961,OK
52,gait_speed,-0.03230467031151483,OK
52,stride_length_mean,-0.030795665477057376,OK
52,cadence,-0.023552419095209894,OK
52,stride_time_mean,0.013834204271917842,OK
53,gait_speed,-0.020408673003875184,OK
53,stride_length_mean,-0.02860988102994409,OK
53,cadence,0.01070067729780255,OK
53,stride_time_mean,-0.011699455146357965,OK
54,gait_speed,-0.050473269110402605,OK
54,stride_length_mean,-0.041601022238448734,OK
54,cadence,-0.03458876942894169,OK
54,stride_time_mean,0.023010550471103328,OK
55,gait_speed,-0.023775241564204266,OK
55,stride_length_mean,-0.02668103360944591,OK
55,cadence,-0.0018900100752684995,OK
55,stride_time_mean,0.003829446379321643,OK
56,gait_speed,-0.02694349974673657,OK
56,stride_length_mean,-0.0312129826617469,OK
56,cadence,-0.0010984393481619377,OK
56,stride_time_mean,0.014031563005719366,OK
57,gait_speed,-0.023697937354157674,OK
57,stride_length_mean,-0.025167669594744424,OK
57,cadence,-0.010469294991877764,OK
57,stride_time_mean,-0.0004703487203998052,OK
58,gait_speed,-0.036791333190156005,OK
58,stride_length_mean,-0.03850923802650409,OK
58,cadence,-0.005700198419315104,OK
58,stride_time_mean,-0.010827462652026101,OK
59,gait_speed,-0.041821958400117216,OK
59,stride_length_mean,-0.03842188280001663,OK
59,cadence,-0.014209968307583703,OK
59,stride_time_mean,-0.0028051015856031497,OK
60,gait_speed,-0.048832237828524895,OK
60,stride_length_mean,-0.0422437512326148,OK
60,cadence,-0.03096091504730172,OK
60,stride_time_mean,0.02928391764396023,OK
61,gait_speed,-0.030546219245549493,OK
61,stride_length_mean,-0.024083660420060396,OK
61,cadence,-0.017146483078099628,OK
61,stride_time_mean,0.019878850621964924,OK
62,gait_speed,-0.029021806217019653,OK
62,stride_length_mean,-0.01686835948266399,OK
62,cadence,-0.035556552580510915,OK
62,stride_time_mean,0.03936511377612907,OK
63,gait_speed,-0.03944826230115038,OK
63,stride_length_mean,-0.03164153819234639,OK
63,cadence,-0.03171507067181421,OK
63,stride_time_mean,0.03308396411513818,OK
64,gait_speed,-0.06124501252682962,OK
64,stride_length_mean,-0.053727618694625355,OK
64,cadence,-0.03129175791376761,OK
64,stride_time_mean,0.030847869778521865,OK
65,gait_speed,-0.0206411317854957,OK
65,stride_length_mean,-0.02416285323203101,OK
65,cadence,-0.003630573742644385,OK
65,stride_time_mean,0.001955629508815552,OK
66,gait_speed,-0.05798848678664468,OK
66,stride_length_mean,-0.05909209274066926,OK
66,cadence,-0.022668370230314996,OK
66,stride_time_mean,0.022498947791685354,OK
67,gait_speed,-0.02216166361469208,OK
67,stride_length_mean,-0.025051895504877554,OK
67,cadence,0.0002661223735008009,OK
67,stride_time_mean,0.00750500972711313,OK
68,gait_speed,-0.0376518344850816,OK
68,stride_length_mean,-0.04056940511619095,OK
68,cadence,-0.011263912545796251,OK
68,stride_time_mean,-0.005019566918921116,OK
69,gait_speed,-0.04038063429477744,OK
69,stride_length_mean,-0.04610140826012694,OK
69,cadence,0.00014774748581634448,OK
69,stride_time_mean,0.003342170103902592,OK
70,gait_speed,-0.04307458415535879,OK
70,stride_length_mean,-0.03151695517433239,OK
70,cadence,-0.03849555788683714,OK
70,stride_time_mean,-4.3517446275061505e-05,OK
71,gait_speed,-0.015239188919211345,OK
71,stride_length_mean,-0.020258819629932246,OK
71,cadence,0.001891759726431028,OK
71,stride_time_mean,0.0006883189412169052,OK
72,gait_speed,-0.03165256357371639,OK
72,stride_length_mean,-0.03057707203445298,OK
72,cadence,-0.004976252364330227,OK
72,stride_time_mean,0.01361604833783482,OK
73,gait_speed,-0.023157418061558813,OK
73,stride_length_mean,-0.02608159168020214,OK
73,cadence,0.0035099401900580782,OK
73,stride_time_mean,-0.011907466620511035,OK
74,gait_speed,-0.04235943417562479,OK
74,stride_length_mean,-0.046057769525071825,OK
74,cadence,-0.011899354216538833,OK
74,stride_time_mean,0.005472931794410715,OK
75,gait_speed,-0.034213371187716335,OK
75,stride_length_mean,-0.03495041076719758,OK
75,cadence,-0.010339525574065167,OK
75,stride_time_mean,0.004792626132387568,OK
76,gait_speed,-0.04144979911776726,OK
76,stride_length_mean,-0.03695549845869256,OK
76,cadence,-0.031856966196271326,OK
76,stride_time_mean,0.009999534577276007,OK
77,gait_speed,-0.0326207023966296,OK
77,stride_length_mean,-0.04209693165209324,OK
77,cadence,0.003421372042126256,OK
77,stride_time_mean,-0.005425475561772539,OK
78,gait_speed,-0.03068891808675596,OK
78,stride_length_mean,-0.0340929794197255,OK
78,cadence,0.008022490617133983,OK
78,stride_time_mean,0.0044495400110811404,OK
79,gait_speed,-0.021205416564176106,OK
79,stride_length_mean,-0.024533617592984266,OK
79,cadence,-0.007853394997372184,OK
79,stride_time_mean,-0.010434710762272257,OK
80,gait_speed,-0.033115376853786,OK
80,stride_length_mean,-0.03468193600470801,OK
80,cadence,-0.010363913591496476,OK
80,stride_time_mean,0.009009240279563397,OK
81,gait_speed,-0.045796774336722766,OK
81,stride_length_mean,-0.03486606149734441,OK
81,cadence,-0.02749058570615135,OK
81,stride_time_mean,0.01069861222285576,OK
82,gait_speed,-0.03433905463755785,OK
82,stride_length_mean,-0.029433168712918033,OK
82,cadence,-0.027551459769936157,OK
82,stride_time_mean,0.003804774979199647,OK
83,gait_speed,-0.039598208678326766,OK
83,stride_length_mean,-0.03734484890975852,OK
83,cadence,-0.014572104869881919,OK
83,stride_time_mean,0.0036215322605358275,OK
84,gait_speed,-0.03571449365378839,OK
84,stride_length_mean,-0.031084585355308524,OK
84,cadence,-0.023735317666491493,OK
84,stride_time_mean,0.0004182543261714915,OK
85,gait_speed,-0.03895356633743755,OK
85,stride_length_mean,-0.03558836020694184,OK
85,cadence,-0.025730515185760583,OK
85,stride_time_mean,0.012425801908662737,OK
86,gait_speed,-0.03130543284453358,OK
86,stride_length_mean,-0.023866164316560544,OK
86,cadence,-0.030670769788482755,OK
86,stride_time_mean,0.012410389724352695,OK
87,gait_speed,-0.0362745017377106,OK
87,stride_length_mean,-0.0467417119409255,OK
87,cadence,0.007703486890848896,OK
87,stride_time_mean,-0.008841800058411267,OK
88,gait_speed,-0.04089434506829472,OK
88,stride_length_mean,-0.03884132041421247,OK
88,cadence,-0.017704369262749743,OK
88,stride_time_mean,0.013513971480923525,OK
89,gait_speed,-0.020770105771036933,OK
89,stride_length_mean,-0.029677861884807807,OK
89,cadence,0.013398521243982055,OK
89,stride_time_mean,-0.006801179016801484,OK
90,gait_speed,-0.054634971643004134,OK
90,stride_length_mean,-0.04079289303467404,OK
90,cadence,-0.041316533115820814,OK
90,stride_time_mean,0.040102214229517895,OK
91,gait_speed,-0.05326028742892235,OK
91,stride_length_mean,-0.03720778137243461,OK
91,cadence,-0.049828427271167985,OK
91,stride_time_mean,0.04047559789002409,OK
92,gait_speed,-0.020188244451160943,OK
92,stride_length_mean,-0.03112990667272146,OK
92,cadence,0.019538355785082607,OK
92,stride_time_mean,0.0041404450023418094,OK
93,gait_speed,-0.030842204886228956,OK
93,stride_length_mean,-0.028248474904796834,OK
93,cadence,-0.014249703946956124,OK
93,stride_time_mean,-0.016506720753301774,OK
94,gait_speed,-0.0303785286944538,OK
94,stride_length_mean,-0.03846999928745641,OK
94,cadence,0.008434095909904595,OK
94,stride_time_mean,-0.018533223333878475,OK
95,gait_speed,-0.0026946612795341355,OK
95,stride_length_mean,-0.010476769831548787,OK
95,cadence,0.011455625527335537,OK
95,stride_time_mean,0.007409544553803634,OK
96,gait_speed,-0.03442720165679949,OK
96,stride_length_mean,-0.03658488001013802,OK
96,cadence,-0.005811361448310248,OK
96,stride_time_mean,0.012265777279757105,OK
97,gait_speed,-0.028824827370115838,OK
97,stride_length_mean,-0.03348070038945431,OK
97,cadence,0.0040785965614390405,OK
97,stride_time_mean,-0.013895218300737514,OK
98,gait_speed,-0.0415674205649746,OK
98,stride_length_mean,-0.042988682942446406,OK
98,cadence,-0.0034758938420650595,OK
98,stride_time_mean,0.002296740074317821,OK
99,gait_speed,-0.03002436485441528,OK
99,stride_length_mean,-0.02473059366434785,OK
99,cadence,-0.020798197615187815,OK
99,stride_time_mean,-0.004617642488187704,OK
100,gait_speed,-0.031958904417222295,OK
100,stride_length_mean,-0.03659051252224275,OK
100,cadence,-0.00012944557412497283,OK
100,stride_time_mean,-0.004929504045811539,OK
101,gait_speed,-0.037643773495952874,OK
101,stride_length_mean,-0.04330347558790297,OK
101,cadence,-0.0027377278026176222,OK
101,stride_time_mean,0.006056509385378608,OK
102,gait_speed,-0.026769674631965404,OK
102,stride_length_mean,-0.025651959176327226,OK
102,cadence,-0.016115669870593433,OK
102,stride_time_mean,-0.001373221335715051,OK
103,gait_speed,-0.024370945078257867,OK
103,stride_length_mean,-0.035521286071841136,OK
103,cadence,0.013665831547896901,OK
103,stride_time_mean,-0.02249077813276246,OK
104,gait_speed,-0.04254623167184366,OK
104,stride_length_mean,-0.037201166092496366,OK
104,cadence,-0.032633712901440855,OK
104,stride_time_mean,0.030773007342768482,OK
105,gait_speed,-0.020267482224627386,OK
105,stride_length_mean,-0.025351232454583653,OK
105,cadence,0.000801020524450209,OK
105,stride_time_mean,0.002843176747308367,OK
106,gait_speed,-0.02738948139975843,OK
106,stride_length_mean,-0.028296986450670112,OK
106,cadence,0.003504087836484312,OK
106,stride_time_mean,0.011766296261969055,OK
107,gait_speed,-0.019778905133306948,OK
107,stride_length_mean,-0.023888321319531138,OK
107,cadence,0.010633100007585902,OK
107,stride_time_mean,-0.007212811199679635,OK
108,gait_speed,-0.014379509957490284,OK
108,stride_length_mean,-0.016995950257526427,OK
108,cadence,-0.007174622745705571,OK
108,stride_time_mean,-0.006349550591262202,OK
109,gait_speed,-0.03089502020513482,OK
109,stride_length_mean,-0.033114076696265385,OK
109,cadence,-0.011694266078579532,OK
109,stride_time_mean,-0.003690232185365009,OK
110,gait_speed,-0.01137136431045278,OK
110,stride_length_mean,-0.012079413926559176,OK
110,cadence,0.0024626443815953065,OK
110,stride_time_mean,-0.00990033749738304,OK
111,gait_speed,-0.036039835000106206,OK
111,stride_length_mean,-0.029178234039689714,OK
111,cadence,-0.025569251761391777,OK
111,stride_time_mean,0.016505069820312405,OK
112,gait_speed,-0.05077379258281543,OK
112,stride_length_mean,-0.047364592300655345,OK
112,cadence,-0.017741617294437472,OK
112,stride_time_mean,0.025823270940737855,OK
113,gait_speed,-0.03139316327194582,OK
113,stride_length_mean,-0.030642077618617966,OK
113,cadence,-0.011781424344926508,OK
113,stride_time_mean,-0.007735339489943724,OK
114,gait_speed,-0.03573144271010089,OK
114,stride_length_mean,-0.03314798090182934,OK
114,cadence,-0.013747002544614613,OK
114,stride_time_mean,0.010896113481826062,OK
115,gait_speed,-0.041273930152247784,OK
115,stride_length_mean,-0.03496609056113525,OK
115,cadence,-0.023251091745057614,OK
115,stride_time_mean,0.029877098372248924,OK
116,gait_speed,-0.01869297506799548,OK
116,stride_length_mean,-0.027185644201970047,OK
116,cadence,0.00646169926873001,OK
116,stride_time_mean,0.0025941080207179993,OK
117,gait_speed,-0.052983574250917924,OK
117,stride_length_mean,-0.037782062442327805,OK
117,cadence,-0.05328997594412716,OK
117,stride_time_mean,0.010666323086559213,OK
118,gait_speed,-0.03092582176758005,OK
118,stride_length_mean,-0.03811296823020202,OK
118,cadence,0.005364875022797941,OK
118,stride_time_mean,-0.009562394568429002,OK
119,gait_speed,-0.02805042012642596,OK
119,stride_length_mean,-0.03375161256293628,OK
119,cadence,-0.0067508333554162836,OK
119,stride_time_mean,-0.004708686405571285,OK
120,gait_speed,-0.020621719438775468,OK
120,stride_length_mean,-0.022228134962694206,OK
120,cadence,-0.0009582864980813483,OK
120,stride_time_mean,0.009463555059442474,OK
121,gait_speed,-0.05270345017315159,OK
121,stride_length_mean,-0.041914253093662784,OK
121,cadence,-0.03414030697296273,OK
121,stride_time_mean,0.02496046672732557,OK
122,gait_speed,-0.04417234406430405,OK
122,stride_length_mean,-0.04376992753490773,OK
122,cadence,-0.01610965054634419,OK
122,stride_time_mean,0.0011694877587044824,OK
123,gait_speed,-0.03300965338931602,OK
123,stride_length_mean,-0.043691566166065114,OK
123,cadence,0.009764128395596636,OK
123,stride_time_mean,-0.0002722863380248798,OK
124,gait_speed,-0.06218355363751988,OK
124,stride_length_mean,-0.044316973001987774,OK
124,cadence,-0.049311057159061894,OK
124,stride_time_mean,0.02824740916875356,OK
125,gait_speed,-0.03524938896410691,OK
125,stride_length_mean,-0.03528242752708172,OK
125,cadence,-0.017866289240405037,OK
125,stride_time_mean,0.0049473301390439185,OK
126,gait_speed,-0.02983744257025878,OK
126,stride_length_mean,-0.022414597820357793,OK
126,cadence,-0.022428818685852808,OK
126,stride_time_mean,-0.004843879589730939,OK
127,gait_speed,-0.031157498023063862,OK
127,stride_length_mean,-0.030220587983195296,OK
127,cadence,-0.010957102670517322,OK
127,stride_time_mean,0.002122750606525861,OK
128,gait_speed,-0.03941276910128191,OK
128,stride_length_mean,-0.040244068299396064,OK
128,cadence,-0.0109763016549709,OK
128,stride_time_mean,0.018585339434499044,OK
129,gait_speed,-0.01804650991542376,OK
129,stride_length_mean,-0.018407319090790027,OK
129,cadence,-0.007282605229645309,OK
129,stride_time_mean,0.004489287340164509,OK
130,gait_speed,-0.0480409214061194,OK
130,stride_length_mean,-0.045635866711603426,OK
130,cadence,-0.025144355040476175,OK
130,stride_time_mean,0.009359522232298686,OK
131,gait_speed,-0.040906102434680146,OK
131,stride_length_mean,-0.03904565529013824,OK
131,cadence,-0.01213491817646702,OK
131,stride_time_mean,0.009005097532970224,OK
132,gait_speed,-0.055170244988316165,OK
132,stride_length_mean,-0.04199467194463118,OK
132,cadence,-0.037198895572769154,OK
132,stride_time_mean,0.018388264321758187,OK
133,gait_speed,-0.04188386443105914,OK
133,stride_length_mean,-0.043733357699877816,OK
133,cadence,-0.009675933765485914,OK
133,stride_time_mean,0.01590892598740862,OK
134,gait_speed,-0.03524955814277325,OK
134,stride_length_mean,-0.03939777826994843,OK
134,cadence,-0.008404160432547556,OK
134,stride_time_mean,0.015531278360240599,OK
135,gait_speed,-0.035758405356685494,OK
135,stride_length_mean,-0.03578629975645432,OK
135,cadence,-0.009096464696191174,OK
135,stride_time_mean,0.007274745393450954,OK
136,gait_speed,-0.04676702861970582,OK
136,stride_length_mean,-0.04453901954801036,OK
136,cadence,-0.021766605307916024,OK
136,stride_time_mean,-0.006447250179540666,OK
137,gait_speed,-0.027543520381519512,OK
137,stride_length_mean,-0.034155424470598515,OK
137,cadence,0.006071402772602414,OK
137,stride_time_mean,0.012259958689536329,OK
138,gait_speed,-0.010694949584745508,OK
138,stride_length_mean,-0.01466759578053356,OK
138,cadence,0.007010614741236888,OK
138,stride_time_mean,-0.01348821637060088,OK
139,gait_speed,-0.04007671536827549,OK
139,stride_length_mean,-0.03590618862350163,OK
139,cadence,-0.025038116688335384,OK
139,stride_time_mean,0.019479361611018934,OK
140,gait_speed,-0.03733956867064865,OK
140,stride_length_mean,-0.040970535877935484,OK
140,cadence,-0.004853937169632491,OK
140,stride_time_mean,-0.00046619015564363265,OK
141,gait_speed,-0.025237086939371663,OK
141,stride_length_mean,-0.028836847312353357,OK
141,cadence,0.0026291746267958498,OK
141,stride_time_mean,0.007144465194905993,OK
142,gait_speed,-0.04324769405555416,OK
142,stride_length_mean,-0.041690649668693944,OK
142,cadence,-0.016248247138627714,OK
142,stride_time_mean,0.009083100699697491,OK
143,gait_speed,-0.021912734570876717,OK
143,stride_length_mean,-0.028392372329986194,OK
143,cadence,0.009130977326503944,OK
143,stride_time_mean,-0.012917403721984834,OK
144,gait_speed,-0.030147890297679305,OK
144,stride_length_mean,-0.0252397103525766,OK
144,cadence,-0.020761577072943155,OK
144,stride_time_mean,0.004874482002594501,OK
145,gait_speed,-0.02869222650264525,OK
145,stride_length_mean,-0.029692439426837695,OK
145,cadence,-0.010565893695481637,OK
145,stride_time_mean,0.0023342883585959063,OK
146,gait_speed,-0.04271911038178397,OK
146,stride_length_mean,-0.03760782212254173,OK
146,cadence,-0.024220951843617774,OK
146,stride_time_mean,0.0020699539076067027,OK
147,gait_speed,-0.04356831950813753,OK
147,stride_length_mean,-0.0343281640849124,OK
147,cadence,-0.03880008969932433,OK
147,stride_time_mean,0.025613461774381587,OK
148,gait_speed,-0.017217289330555097,OK
148,stride_length_mean,-0.01177713642799649,OK
148,cadence,-0.021640775800423943,OK
148,stride_time_mean,0.013974491292033497,OK
149,gait_speed,-0.04164981291587787,OK
149,stride_length_mean,-0.03594671946370331,OK
149,cadence,-0.02277870816814545,OK
149,stride_time_mean,0.017902945363175927,OK
150,gait_speed,-0.044997156351843155,OK
150,stride_length_mean,-0.022792663312895065,OK
150,cadence,-0.060542831828961294,OK
150,stride_time_mean,0.03982870271612766,OK
151,gait_speed,-0.029749888206812083,OK
151,stride_length_mean,-0.03686926131692542,OK
151,cadence,-4.289760548107288e-06,OK
151,stride_time_mean,-0.008209831984646193,OK
152,gait_speed,-0.024855039308400217,OK
152,stride_length_mean,-0.027290935402482584,OK
152,cadence,-0.003977653587874183,OK
152,stride_time_mean,0.01397222825839522,OK
153,gait_speed,-0.034667490200680655,OK
153,stride_length_mean,-0.03709665473919296,OK
153,cadence,-0.00839012572788994,OK
153,stride_time_mean,0.002211834890509298,OK
154,gait_speed,-0.040516932455105605,OK
154,stride_length_mean,-0.04467477929350081,OK
154,cadence,-0.006597521226956831,OK
154,stride_time_mean,0.0065117237748625,OK
155,gait_speed,-0.017895148948213306,OK
155,stride_length_mean,-0.035302400801348,OK
155,cadence,0.021183455327188495,OK
155,stride_time_mean,-0.02097864911828073,OK
156,gait_speed,-0.0010972894572798294,OK
156,stride_length_mean,-0.007646831422351991,OK
156,cadence,0.00763956604412884,OK
156,stride_time_mean,-0.019552271446673687,OK
157,gait_speed,-0.02548357076280173,OK
157,stride_length_mean,-0.02645696925397963,OK
157,cadence,-0.011121124477412512,OK
157,stride_time_mean,-0.01120190287737891,OK
158,gait_speed,-0.03849522333443627,OK
158,stride_length_mean,-0.037448539822974414,OK
158,cadence,-0.012964335825427602,OK
158,stride_time_mean,-0.0072328063939071305,OK
159,gait_speed,-0.010754776849651416,OK
159,stride_length_mean,-0.014443362683196499,OK
159,cadence,0.013179044819360681,OK
159,stride_time_mean,-0.023984607786471854,OK
160,gait_speed,-0.038574718455959195,OK
160,stride_length_mean,-0.040872060678868616,OK
160,cadence,-0.014486179364205444,OK
160,stride_time_mean,0.004329513544139113,OK
161,gait_speed,-0.02305113456970291,OK
161,stride_length_mean,-0.028056649331637918,OK
161,cadence,-0.005303150215019916,OK
161,stride_time_mean,-0.0022411729056776974,OK
162,gait_speed,-0.03016415358058567,OK
162,stride_length_mean,-0.03877521173471857,OK
162,cadence,0.008919040397816883,OK
162,stride_time_mean,-0.0008670738720669783,OK
163,gait_speed,-0.04008636746310641,OK
163,stride_length_mean,-0.0406975943736026,OK
163,cadence,-0.018190152502019594,OK
163,stride_time_mean,0.028228092379438456,OK
164,gait_speed,-0.04735072561269622,OK
164,stride_length_mean,-0.04052163373706455,OK
164,cadence,-0.026710914796983044,OK
164,stride_time_mean,0.003488794038884513,OK
165,gait_speed,-0.01597258445047694,OK
165,stride_length_mean,-0.013021387334218436,OK
165,cadence,-0.005710325131873211,OK
165,stride_time_mean,0.008033793746639402,OK
166,gait_speed,-0.02362977568424075,OK
166,stride_length_mean,-0.028809917351410787,OK
166,cadence,-0.0011432642333329877,OK
166,stride_time_mean,0.0048178365901401145,OK
167,gait_speed,-0.029286866938687667,OK
167,stride_length_mean,-0.027899547266547718,OK
167,cadence,-0.0076815575533352,OK
167,stride_time_mean,-0.004449331517758421,OK
168,gait_speed,-0.03940582831203636,OK
168,stride_length_mean,-0.04606496279997412,OK
168,cadence,5.7317822184747524e-05,OK
168,stride_time_mean,0.018003673918212233,OK
169,gait_speed,-0.031183823192438277,OK
169,stride_length_mean,-0.028908402176732934,OK
169,cadence,-0.018895983330419152,OK
169,stride_time_mean,0.006432305662845516,OK
170,gait_speed,-0.008150410113259548,OK
170,stride_length_mean,-0.015802580009496348,OK
170,cadence,0.024288743271310455,OK
170,stride_time_mean,0.020504003989253845,OK
171,gait_speed,-0.04062416641883324,OK
171,stride_length_mean,-0.04142201360629906,OK
171,cadence,-0.005005997242356111,OK
171,stride_time_mean,-0.0019877930512587007,OK
172,gait_speed,-0.03198702914288131,OK
172,stride_length_mean,-0.028657655596871088,OK
172,cadence,-0.018946164809490393,OK
172,stride_time_mean,0.007522372450850745,OK
173,gait_speed,-0.03143363130468382,OK
173,stride_length_mean,-0.025627004826314092,OK
173,cadence,-0.02644634195088573,OK
173,stride_time_mean,0.012696829354731428,OK
174,gait_speed,-0.03562161443886096,OK
174,stride_length_mean,-0.03890469226510713,OK
174,cadence,-0.004005927485340675,OK
174,stride_time_mean,0.007387298511508221,OK
175,gait_speed,-0.035969284560084316,OK
175,stride_length_mean,-0.04239893095380981,OK
175,cadence,-0.0007894547972902158,OK
175,stride_time_mean,-0.004504185027053138,OK
176,gait_speed,-0.05072401082562072,OK
176,stride_length_mean,-0.056527248796575814,OK
176,cadence,-0.0031907531024166803,OK
176,stride_time_mean,0.009059469343249709,OK
177,gait_speed,-0.019622859768588952,OK
177,stride_length_mean,-0.028043702135674104,OK
177,cadence,0.009100196498604576,OK
177,stride_time_mean,-0.015817058568621402,OK
178,gait_speed,-0.006691750375488747,OK
178,stride_length_mean,-0.0034584245229570014,OK
178,cadence,-0.006744316809905456,OK
178,stride_time_mean,0.0008492584115141267,OK
179,gait_speed,-0.03456482857623943,OK
179,stride_length_mean,-0.03467890815147105,OK
179,cadence,-0.01033788900139673,OK
179,stride_time_mean,0.021628270419310244,OK
180,gait_speed,-0.05281765373607954,OK
180,stride_length_mean,-0.05287317522683826,OK
180,cadence,-0.02323190082258298,OK
180,stride_time_mean,0.004289242140346336,OK
181,gait_speed,-0.033972644312025096,OK
181,stride_length_mean,-0.02905940642346435,OK
181,cadence,-0.02188391076367953,OK
181,stride_time_mean,0.022993311609350413,OK
182,gait_speed,-0.059044773786886065,OK
182,stride_length_mean,-0.056151373251361,OK
182,cadence,-0.021218631594219203,OK
182,stride_time_mean,0.017695937143175647,OK
183,gait_speed,-0.03523446108795407,OK
183,stride_length_mean,-0.03559860922843997,OK
183,cadence,-0.01120497584391199,OK
183,stride_time_mean,0.015801098739256485,OK
184,gait_speed,-0.04707014659320242,OK
184,stride_length_mean,-0.044844017939608016,OK
184,cadence,-0.011821818050436757,OK
184,stride_time_mean,0.017066135289396545,OK
185,gait_speed,-0.025576431651837473,OK
185,stride_length_mean,-0.024721349930270843,OK
185,cadence,-0.005191113790713246,OK
185,stride_time_mean,-0.008985161210022269,OK
186,gait_speed,-0.027856532746906013,OK
186,stride_length_mean,-0.030436189590063514,OK
186,cadence,-0.005522162191751981,OK
186,stride_time_mean,-0.0007048249133152849,OK
187,gait_speed,-0.04606818125796728,OK
187,stride_length_mean,-0.04649357074407044,OK
187,cadence,-0.014766917647353904,OK
187,stride_time_mean,-0.002418813526690639,OK
188,gait_speed,-0.032842319645925495,OK
188,stride_length_mean,-0.024354713896919726,OK
188,cadence,-0.02986724105718111,OK
188,stride_time_mean,0.007816915841843332,OK
189,gait_speed,-0.03261979737211838,OK
189,stride_length_mean,-0.033528013201380116,OK
189,cadence,-0.009426760513338487,OK
189,stride_time_mean,-0.0023931558548071865,OK
190,gait_speed,-0.06712015419069865,OK
190,stride_length_mean,-0.051130948959625354,OK
190,cadence,-0.054355228380735816,OK
190,stride_time_mean,0.03104962468697135,OK
191,gait_speed,-0.013380653612428482,OK
191,stride_length_mean,-0.018392828945441368,OK
191,cadence,0.00020336239076963365,OK
191,stride_time_mean,-0.009948505738701045,OK
192,gait_speed,-0.03864371595823223,OK
192,stride_length_mean,-0.0364131062816606,OK
192,cadence,-0.024889911562995283,OK
192,stride_time_mean,0.0014823039087938973,OK
193,gait_speed,-0.033936027330670276,OK
193,stride_length_mean,-0.036784987222357304,OK
193,cadence,-0.005714195374856356,OK
193,stride_time_mean,-0.0016084175049613102,OK
194,gait_speed,-0.03552652818157031,OK
194,stride_length_mean,-0.028744839964400287,OK
194,cadence,-0.02438771327078129,OK
194,stride_time_mean,0.029036793157125502,OK
195,gait_speed,-0.041275204296268075,OK
195,stride_length_mean,-0.03932503255204524,OK
195,cadence,-0.012245303088060053,OK
195,stride_time_mean,0.00801134689185203,OK
196,gait_speed,-0.041663604808730506,OK
196,stride_length_mean,-0.04448419663800957,OK
196,cadence,-0.0015262528421633587,OK
196,stride_time_mean,0.0019890554188156935,OK
197,gait_speed,-0.033078799160419184,OK
197,stride_length_mean,-0.03534386429816822,OK
197,cadence,-0.0006720505093507703,OK
197,stride_time_mean,0.01306620371945223,OK
198,gait_speed,-0.03434538572362574,OK
198,stride_length_mean,-0.045674579542896436,OK
198,cadence,0.008166767982037863,OK
198,stride_time_mean,-0.017038117784869862,OK
199,gait_speed,-0.043627322561009076,OK
199,stride_length_mean,-0.04561874801053468,OK
199,cadence,-0.01088417383111404,OK
199,stride_time_mean,-0.004850179828324142,OK
200,gait_speed,-0.04007913562683888,OK
200,stride_length_mean,-0.03104958263081753,OK
200,cadence,-0.028186241398653427,OK
200,stride_time_mean,0.009190995641029731,OK
